,image,num_nuclei,num_chromosomes,num_ecDNA
,2343.tif,1,0,0
,2344.tif,2,0,0
,2345.tif,0,5,0
,2346.tif,0,18,0
,2347.tif,1,6,1
,2349.tif,0,8,0
,2350.tif,0,20,2
,2351.tif,2,4,1
,2354.tif,1,21,3
,2355.tif,2,0,0
,2356.tif,2,0,1
,2357.tif,1,0,0
,2358.tif,1,0,0
,2359.tif,1,0,0
,2360.tif,1,0,0
,2363.tif,2,0,0
,2364.tif,2,0,0
,2365.tif,1,0,0
,2366.tif,1,3,0
,2367.tif,1,0,0
,2368.tif,0,5,2
,2369.tif,1,15,3
,2370.tif,1,6,2
,2371.tif,0,4,1
,2372.tif,0,8,7
,2373.tif,0,15,2
,2374.tif,0,5,1
,2377.tif,0,5,0
,2380.tif,2,0,0
,2381.tif,1,0,0
,2382.tif,4,0,0
,2383.tif,1,0,0
,2384.tif,1,0,0
,2385.tif,2,5,4
,2386.tif,0,6,2
,2388.tif,1,6,2
,2389.tif,0,10,3
,2390.tif,0,25,10
,2391.tif,0,12,1
,2392.tif,1,3,0
,2393.tif,1,8,2
,2394.tif,1,6,2
,2395.tif,1,4,0
,2396.tif,2,0,0
,2397.tif,2,4,0
,2398.tif,1,0,0
,2399.tif,2,0,0
,2401.tif,1,0,0
,2402.tif,1,0,0
,2403.tif,2,0,1
,2405.tif,1,2,2
,2406.tif,1,0,0
,2407.tif,1,0,1
,2408.tif,0,3,0
,2409.tif,0,16,1
,2410.tif,1,0,0
,2411.tif,1,0,0
,2412.tif,1,1,0
,2413.tif,0,23,0
,2414.tif,1,0,0
,2415.tif,3,0,0
,2416.tif,1,0,0
,2417.tif,1,7,0
,2418.tif,1,0,0
,2419.tif,1,0,0
,2420.tif,2,0,0
,2421.tif,2,3,1
,2424.tif,2,1,0
,2425.tif,2,4,4
,2426.tif,1,1,0
,2427.tif,0,2,0
,2428.tif,1,2,0
,2429.tif,1,6,2
,2430.tif,2,11,4
,2431.tif,2,0,6
,2433.tif,0,5,3
,2434.tif,0,22,3
,2435.tif,2,1,2
,2436.tif,1,0,0
,2437.tif,1,1,0
,2438.tif,1,7,2
,2439.tif,1,0,0
,2442.tif,2,0,0
,2445.tif,0,2,0
,2446.tif,1,5,0
,2447.tif,1,0,0
,2449.tif,1,4,0
,2450.tif,1,14,0
,2451.tif,2,2,0
,2452.tif,1,0,0
,2453.tif,2,2,0
,2454.tif,2,13,1
,2455.tif,1,17,7
,2456.tif,1,0,0
,2457.tif,1,0,0
,2458.tif,1,0,0
,2459.tif,1,2,2
,2460.tif,1,0,0
,2461.tif,1,0,0
,2464.tif,1,2,1
,2465.tif,1,2,3
,2466.tif,0,9,0
,2468.tif,21,0,0
,2469.tif,1,15,2
,2470.tif,0,19,2
,2471.tif,0,2,0
,2472.tif,3,0,0
,2473.tif,1,10,1
,2474.tif,0,12,2
,2476.tif,2,0,0
,2477.tif,0,2,0
,2480.tif,2,0,0
,2481.tif,3,0,0
,2482.tif,1,0,0
,2484.tif,4,0,0
,2485.tif,1,5,1
,2488.tif,0,6,0
,2489.tif,0,19,1
,2490.tif,0,7,0
,2491.tif,2,0,0
,2492.tif,0,6,0
,2493.tif,0,20,1
,2494.tif,1,1,0
,2495.tif,1,1,5
,2497.tif,1,1,0
,2498.tif,2,2,1
,2499.tif,2,0,0
,2501.tif,1,1,0
,2502.tif,1,0,0
,2504.tif,1,0,0
,2505.tif,2,2,0
,2506.tif,1,5,2
,2508.tif,1,0,0
,2509.tif,1,8,1
,2510.tif,0,19,2
,2511.tif,0,4,1
,2512.tif,1,0,0
,2513.tif,1,7,0
,2514.tif,0,13,0
,2515.tif,0,2,1
,2517.tif,0,6,0
,2518.tif,0,2,1
,2521.tif,1,0,0
,2522.tif,1,0,0
,2529.tif,0,11,0
,2530.tif,0,13,5
,2532.tif,3,0,0
,2533.tif,1,19,2
,2534.tif,0,28,5
,2535.tif,1,4,0
,2536.tif,4,0,0
,2537.tif,1,0,0
,2538.tif,1,3,1
,2539.tif,1,0,0
,2542.tif,1,0,0
,2543.tif,1,0,0
,2548.tif,1,0,0
,2549.tif,0,3,2
,2550.tif,0,12,0
,2552.tif,1,1,1
,2553.tif,1,18,3
,2554.tif,1,18,9
,2555.tif,0,2,0
,2556.tif,2,0,0
,2557.tif,2,0,0
,2558.tif,1,0,0
,2559.tif,2,1,0
,2562.tif,1,0,3
,2563.tif,2,0,0
,2566.tif,0,3,9
,2569.tif,0,14,10
,2570.tif,0,19,18
,2571.tif,0,3,19
,2572.tif,1,0,3
,2573.tif,1,11,19
,2574.tif,2,11,27
,2575.tif,1,0,0
,2576.tif,1,0,1
,2577.tif,1,0,5
,2578.tif,1,0,8
,2579.tif,1,0,2
,2582.tif,1,0,0
,2583.tif,1,0,0
,2584.tif,2,0,0
,2585.tif,1,0,0
,2586.tif,2,0,0
,2588.tif,1,1,3
,2589.tif,0,8,2
,2590.tif,1,10,3
,2592.tif,1,0,0
,2593.tif,1,13,5
,2594.tif,0,16,3
,2597.tif,0,2,0
,2598.tif,0,3,1
,2602.tif,1,0,0
,2603.tif,1,0,0
,2606.tif,1,0,0
,2607.tif,2,1,4
,2608.tif,1,2,4
,2609.tif,0,10,12
,2610.tif,1,2,7
,2612.tif,1,18,23
,2613.tif,0,23,53
,2614.tif,0,3,1
,2616.tif,0,5,1
,2617.tif,1,0,0
,2618.tif,2,0,0
,2619.tif,1,0,0
,2623.tif,1,0,0
,2624.tif,1,0,0
,2625.tif,1,0,0
,2627.tif,1,0,0
,2628.tif,1,0,0
,2629.tif,1,11,11
,2630.tif,2,0,4
,2631.tif,2,0,0
,2632.tif,1,10,5
,2633.tif,0,25,11
,2634.tif,1,6,6
,2635.tif,1,0,0
,2636.tif,1,0,0
,2637.tif,1,9,10
,2638.tif,0,5,2
,2639.tif,1,0,0
,2640.tif,1,0,0
,2644.tif,0,18,19
,2645.tif,0,17,7
,2648.tif,0,6,11
,2649.tif,1,12,5
,2650.tif,4,0,1
,2651.tif,5,7,4
,2654.tif,1,4,2
,2655.tif,0,22,10
,2658.tif,1,1,0
,2659.tif,7,0,1
,2660.tif,1,2,1
,2661.tif,1,16,4
,2664.tif,4,0,0
,2665.tif,1,0,0
,2666.tif,1,2,1
,2668.tif,1,0,0
,2669.tif,2,2,0
,2670.tif,1,19,4
,2671.tif,1,3,3
,2673.tif,0,3,2
,2674.tif,0,23,10
,2675.tif,1,5,0
,2678.tif,1,9,9
,2679.tif,1,0,0
,2683.tif,1,0,3
,2688.tif,0,2,0
,2689.tif,0,18,9
,2690.tif,0,8,2
,2693.tif,0,20,4
,2694.tif,0,8,6
,2695.tif,1,0,0
,2698.tif,1,3,1
,2699.tif,1,0,0
,2701.tif,1,0,0
,2702.tif,2,0,3
,2705.tif,1,0,2
,2706.tif,1,1,1
,2709.tif,0,9,9
,2710.tif,0,17,2
,2713.tif,0,11,8
,2714.tif,0,14,8
,2715.tif,0,3,0
,2718.tif,0,1,2
,2719.tif,1,0,2
,2720.tif,1,0,7
,2721.tif,1,0,2
,2722.tif,2,0,12
,2724.tif,1,1,3
,2725.tif,2,0,14
,2726.tif,2,1,11
,2728.tif,0,7,22
,2729.tif,0,17,40
,2730.tif,0,13,30
,2732.tif,1,0,5
,2733.tif,1,14,31
,2734.tif,0,10,26
,2736.tif,1,0,4
,2737.tif,1,0,0
,2743.tif,1,0,0
,2745.tif,1,2,0
,2746.tif,1,0,0
,2748.tif,1,1,0
,2749.tif,1,21,3
,2750.tif,1,10,1
,2752.tif,0,4,2
,2753.tif,0,38,2
,2754.tif,0,15,1
,2757.tif,0,7,0
,2758.tif,0,6,0
,2760.tif,0,0,0
,2761.tif,0,0,0
,2762.tif,1,0,0
,2763.tif,1,0,0
,2764.tif,0,0,0
,2765.tif,0,0,0
,2766.tif,0,0,0
,2767.tif,0,0,0
,2768.tif,0,0,0
,2769.tif,0,14,9
,2770.tif,0,11,1
,2771.tif,0,0,0
,2772.tif,0,0,0
,2773.tif,0,11,2
,2774.tif,1,8,3
,2775.tif,0,0,0
,2776.tif,0,0,0
,2777.tif,0,0,0
,2778.tif,0,0,0
,2779.tif,0,0,0
,2780.tif,1,0,0
,2781.tif,1,0,0
,2782.tif,1,0,0
,2783.tif,2,0,0
,2784.tif,3,0,0
,2785.tif,2,7,0
,2786.tif,2,0,0
,2787.tif,1,0,0
,2788.tif,1,0,0
,2789.tif,1,39,1
,2790.tif,2,1,0
,2791.tif,0,1,0
,2792.tif,1,0,0
,2793.tif,1,5,1
,2794.tif,1,0,0
,2795.tif,1,0,0
,2796.tif,1,0,0
,2797.tif,2,0,0
,2798.tif,0,1,0
,2799.tif,1,0,0
,2800.tif,1,0,0
,2801.tif,0,0,0
,2802.tif,1,0,0
,2803.tif,0,0,0
,2804.tif,0,0,0
,2805.tif,1,0,0
,2806.tif,1,1,0
,2807.tif,0,0,0
,2808.tif,0,0,0
,2809.tif,2,0,0
,2810.tif,0,14,1
,2811.tif,1,12,0
,2812.tif,0,0,0
,2813.tif,2,0,0
,2814.tif,0,15,2
,2815.tif,1,13,1
,2816.tif,0,0,0
,2817.tif,0,0,0
,2818.tif,0,0,0
,2819.tif,0,0,0
,2820.tif,1,0,0
,2821.tif,1,0,0
,2822.tif,3,0,2
,2823.tif,1,0,0
,2824.tif,1,0,0
,2825.tif,0,7,1
,2826.tif,2,5,1
,2827.tif,1,1,3
,2828.tif,1,0,0
,2829.tif,1,13,5
,2830.tif,1,21,19
,2831.tif,2,0,0
,2832.tif,0,0,0
,2833.tif,1,0,0
,2834.tif,1,0,0
,2835.tif,0,0,0
,2836.tif,1,0,0
,2837.tif,0,0,0
,2838.tif,0,0,0
,2839.tif,0,0,0
,2840.tif,0,0,0
,2841.tif,0,0,0
,2842.tif,0,0,0
,2843.tif,0,0,0
,2844.tif,0,1,0
,2845.tif,0,12,2
,2846.tif,0,1,0
,2847.tif,0,0,0
,2848.tif,0,3,0
,2849.tif,0,26,3
,2850.tif,0,5,0
,2851.tif,0,0,0
,2852.tif,0,0,0
,2853.tif,0,6,0
,2854.tif,0,1,0
,2855.tif,0,0,0
,2856.tif,0,0,0
,2857.tif,1,0,0
,2858.tif,1,1,0
,2859.tif,0,0,0
,2870.tif,0,21,4
,2871.tif,0,13,4
,2872.tif,1,0,0
,2873.tif,2,0,0
,2874.tif,0,12,9
,2875.tif,0,8,1
,2878.tif,2,0,0
,2880.tif,1,0,0
,2881.tif,1,0,0
,2884.tif,2,0,0
,2885.tif,1,0,0
,2886.tif,1,0,0
,2889.tif,1,5,1
,2890.tif,1,0,1
,2892.tif,0,8,1
,2893.tif,0,17,7
,2895.tif,1,0,0
,2896.tif,1,2,0
,2899.tif,1,0,0
,2903.tif,2,0,0
,2909.tif,0,15,4
,2910.tif,0,13,1
,2912.tif,0,2,0
,2913.tif,0,12,5
,2914.tif,0,9,2
,2922.tif,1,0,0
,2923.tif,1,0,0
,2925.tif,1,4,0
,2926.tif,2,4,5
,2927.tif,1,2,0
,2928.tif,1,0,1
,2929.tif,1,11,6
,2930.tif,0,19,4
,2931.tif,0,13,3
,2932.tif,2,0,0
,2933.tif,3,3,1
,2934.tif,1,12,1
,2935.tif,0,9,1
,2937.tif,1,0,0
,2938.tif,1,0,0
,2941.tif,1,0,0
,2944.tif,0,4,1
,2945.tif,0,15,4
,2946.tif,1,2,1
,2948.tif,0,7,1
,2949.tif,0,18,0
,2950.tif,1,2,0
,2951.tif,1,0,0
,2952.tif,0,8,0
,2953.tif,0,12,0
,2954.tif,1,2,0
,2955.tif,1,0,0
,2958.tif,0,1,0
,2960.tif,1,0,0
,2961.tif,1,0,0
,2962.tif,4,0,1
,2963.tif,2,5,0
,2964.tif,1,0,1
,2965.tif,0,1,0
,2966.tif,1,1,0
,2967.tif,1,1,0
,2969.tif,0,13,1
,2970.tif,0,10,0
,2972.tif,0,2,0
,2973.tif,1,19,1
,2974.tif,1,16,4
,2975.tif,0,5,0
,2977.tif,1,0,0
,2978.tif,1,2,1
,2979.tif,1,0,0
,2980.tif,1,0,0
,2983.tif,2,0,0
,2984.tif,1,1,0
,2985.tif,0,5,0
,2986.tif,0,3,0
,2988.tif,0,5,0
,2989.tif,0,18,1
,2992.tif,0,9,0
,2993.tif,0,11,3
,2995.tif,0,2,1
,3000.tif,1,0,0
,3001.tif,1,0,0
,3004.tif,4,4,1
,3005.tif,1,0,0
,3009.tif,0,9,1
,3010.tif,0,7,0
,3012.tif,0,1,0
,3013.tif,0,6,1
,3014.tif,0,16,0
,3015.tif,0,3,1
,3017.tif,0,1,2
,3018.tif,1,7,3
,3025.tif,0,3,0
,3028.tif,0,2,0
,3029.tif,0,22,1
,3030.tif,0,11,0
,3032.tif,0,8,0
,3033.tif,0,21,0
,3034.tif,0,8,2
,3035.tif,1,0,0
,3039.tif,2,0,0
,3043.tif,0,1,0
,3048.tif,1,0,0
,3049.tif,1,9,0
,3050.tif,0,12,2
,3052.tif,1,3,0
,3053.tif,1,17,2
,3054.tif,0,15,0
,3056.tif,0,2,0
,3057.tif,0,7,1
,3058.tif,0,6,1
,3060.tif,1,0,0
,3062.tif,2,0,0
,3063.tif,3,0,0
,3064.tif,1,2,4
,3065.tif,1,8,0
,3066.tif,2,0,0
,3067.tif,3,0,6
,3068.tif,1,0,2
,3069.tif,1,20,4
,3070.tif,1,0,0
,3071.tif,2,1,1
,3073.tif,0,15,2
,3074.tif,0,22,1
,3075.tif,0,3,0
,3076.tif,1,0,0
,3079.tif,1,0,0
,3080.tif,1,0,0
,3081.tif,1,1,0
,3082.tif,1,0,0
,3083.tif,2,2,0
,3084.tif,2,2,1
,3085.tif,1,3,0
,3086.tif,1,0,0
,3087.tif,2,0,0
,3088.tif,1,9,1
,3089.tif,0,10,0
,3090.tif,0,2,0
,3092.tif,1,13,0
,3093.tif,0,11,0
,3094.tif,0,9,0
,3096.tif,1,0,1
,3097.tif,0,5,1
,3098.tif,0,4,0
,3100.tif,1,0,0
,3105.tif,0,3,0
,3109.tif,0,18,1
,3110.tif,0,13,2
,3111.tif,0,1,1
,3113.tif,0,7,2
,3114.tif,0,13,1
,3116.tif,0,2,0
,3117.tif,1,0,0
,3118.tif,1,0,0
,3119.tif,0,1,0
,3121.tif,0,1,0
,3122.tif,0,2,0
,3123.tif,0,1,0
,3125.tif,1,0,0
,3126.tif,1,1,0
,3128.tif,0,2,1
,3129.tif,1,15,15
,3130.tif,1,23,14
,3131.tif,0,3,5
,3133.tif,0,10,6
,3134.tif,0,19,20
,3135.tif,0,6,10
,3138.tif,0,1,4
,3144.tif,1,0,0
,3145.tif,0,7,0
,3148.tif,3,1,0
,3149.tif,0,33,3
,3150.tif,0,3,3
,3152.tif,2,0,0
,3153.tif,1,14,3
,3154.tif,1,1,0
,3156.tif,1,0,0
,3157.tif,1,0,0
,3160.tif,1,0,0
,3161.tif,3,0,0
,3162.tif,1,0,0
,3163.tif,1,3,11
,3164.tif,2,2,0
,3165.tif,1,7,1
,3166.tif,1,13,4
,3167.tif,0,4,4
,3168.tif,1,4,2
,3169.tif,0,14,6
,3170.tif,0,12,4
,3171.tif,1,2,3
,3172.tif,4,0,1
,3173.tif,1,19,13
,3174.tif,0,12,3
,3175.tif,1,0,0
,3176.tif,3,0,0
,3177.tif,1,18,1
,3178.tif,0,18,0
,3179.tif,4,0,3
,3180.tif,1,0,0
,3183.tif,2,0,10
,3184.tif,1,0,5
,3187.tif,1,0,0
,3188.tif,1,0,0
,3189.tif,0,15,40
,3190.tif,0,19,48
,3191.tif,1,0,6
,3193.tif,0,31,94
,3194.tif,0,26,82
,3195.tif,1,0,14
,3196.tif,1,3,10
,3197.tif,0,7,29
,3201.tif,1,0,5
,3204.tif,2,0,0
,3205.tif,0,3,6
,3206.tif,0,7,19
,3207.tif,0,2,9
,3208.tif,3,0,0
,3209.tif,0,12,21
,3210.tif,0,26,33
,3211.tif,0,8,18
,3212.tif,0,7,14
,3213.tif,0,10,16
,3214.tif,0,2,8
,3222.tif,1,0,1
,3223.tif,4,0,0
,3226.tif,1,0,0
,3227.tif,1,1,0
,3229.tif,0,24,9
,3230.tif,0,14,3
,3232.tif,0,2,4
,3233.tif,0,34,21
,3234.tif,0,14,5
,3237.tif,0,3,8
,3240.tif,3,0,1
,3241.tif,1,0,68
,3242.tif,20,0,13
,3243.tif,16,0,18
,3245.tif,0,8,56
,3246.tif,1,4,65
,3247.tif,1,0,63
,3248.tif,0,7,13
,3249.tif,0,20,58
,3250.tif,0,10,55
,3251.tif,1,0,69
,3252.tif,0,7,28
,3253.tif,0,17,62
,3254.tif,0,7,66
,3255.tif,1,0,55
,3256.tif,1,0,15
,3259.tif,1,0,51
,3260.tif,1,0,7
,3261.tif,1,0,1
,3263.tif,1,0,0
,3264.tif,1,0,10
,3265.tif,1,0,0
,3266.tif,1,0,17
,3268.tif,3,5,32
,3269.tif,1,3,71
,3270.tif,2,2,47
,3272.tif,2,4,42
,3273.tif,0,6,87
,3274.tif,0,8,68
,3276.tif,1,0,4
,3277.tif,0,1,12
,3278.tif,6,1,12
,3279.tif,1,7,16
,3280.tif,1,0,1
,3284.tif,0,3,23
,3285.tif,0,9,27
,3288.tif,1,0,0
,3289.tif,0,14,43
,3290.tif,1,9,21
,3291.tif,1,0,15
,3292.tif,1,8,31
,3293.tif,0,29,44
,3294.tif,1,4,26
,3295.tif,1,0,0
,3297.tif,0,4,29
,3298.tif,1,0,28
,3299.tif,3,2,8
,3300.tif,6,0,7
,3301.tif,3,0,11
,3302.tif,1,0,0
,3303.tif,1,0,0
,3304.tif,1,1,3
,3305.tif,1,3,15
,3306.tif,2,1,17
,3307.tif,4,0,13
,3308.tif,0,6,25
,3309.tif,1,18,34
,3310.tif,0,17,46
,3312.tif,1,1,17
,3313.tif,0,17,40
,3314.tif,0,23,64
,3315.tif,0,3,38
,3317.tif,0,9,32
,3318.tif,0,8,27
,3328.tif,0,2,10
,3329.tif,0,21,21
,3330.tif,0,16,12
,3331.tif,0,6,4
,3333.tif,0,8,10
,3334.tif,0,10,2
,3335.tif,0,8,5
,3337.tif,1,0,0
,3338.tif,1,1,2
,3342.tif,0,2,23
,3344.tif,1,0,22
,3345.tif,0,6,38
,3346.tif,0,26,68
,3347.tif,0,5,43
,3348.tif,2,0,16
,3349.tif,0,11,54
,3350.tif,0,16,105
,3351.tif,0,2,69
,3352.tif,0,2,32
,3353.tif,0,5,43
,3354.tif,0,10,61
,3355.tif,0,3,42
,3356.tif,3,0,7
,3357.tif,1,0,23
,3359.tif,0,2,37
,3361.tif,1,0,7
,3362.tif,1,0,6
,3366.tif,0,22,22
,3367.tif,1,0,3
,3369.tif,0,13,26
,3370.tif,0,17,35
,3371.tif,1,8,8
,3373.tif,2,4,24
,3374.tif,0,12,44
,3375.tif,0,10,22
,3376.tif,2,1,12
,3382.tif,2,1,13
,3385.tif,0,2,6
,3386.tif,0,5,5
,3389.tif,0,10,5
,3390.tif,0,29,2
,3391.tif,1,1,5
,3393.tif,1,6,4
,3394.tif,2,10,1
,3395.tif,1,0,0
,3397.tif,1,0,2
,3398.tif,1,0,4
,3399.tif,1,0,0
,3404.tif,5,0,10
,3405.tif,0,1,2
,3406.tif,0,2,3
,3407.tif,1,1,1
,3408.tif,1,0,0
,3409.tif,1,0,0
,3410.tif,0,14,3
,3411.tif,1,3,0
,3412.tif,1,4,2
,3413.tif,2,20,11
,3414.tif,0,15,9
,3419.tif,1,0,0
,3420.tif,1,0,4
,3421.tif,1,0,11
,3424.tif,1,0,7
,3425.tif,1,12,17
,3426.tif,0,14,21
,3427.tif,2,3,1
,3429.tif,0,16,14
,3430.tif,0,30,15
,3431.tif,1,17,31
,3433.tif,0,8,14
,3434.tif,0,27,28
,3435.tif,0,18,45
,3438.tif,0,6,12
,3440.tif,2,0,11
,3441.tif,2,0,5
,3442.tif,2,1,2
,3443.tif,3,1,13
,3444.tif,1,0,0
,3445.tif,2,19,8
,3446.tif,3,15,6
,3447.tif,1,0,0
,3448.tif,2,0,0
,3449.tif,1,2,3
,3450.tif,2,1,1
,3451.tif,1,5,7
,3452.tif,3,0,3
,3453.tif,1,8,2
,3454.tif,2,21,4
,3455.tif,1,11,7
,3456.tif,2,1,2
,3457.tif,0,22,27
,3458.tif,0,16,16
,3459.tif,1,2,2
,3460.tif,1,0,0
,3463.tif,1,0,0
,3464.tif,1,1,0
,3465.tif,0,3,0
,3466.tif,0,5,1
,3468.tif,1,0,0
,3469.tif,0,10,3
,3470.tif,0,15,4
,3472.tif,1,0,0
,3473.tif,1,5,2
,3474.tif,0,35,2
,3475.tif,0,5,2
,3476.tif,1,0,0
,3477.tif,1,1,0
,3478.tif,1,6,0
,3481.tif,2,0,0
,3482.tif,1,0,0
,3488.tif,1,3,0
,3489.tif,1,22,0
,3490.tif,3,1,0
,3491.tif,1,0,1
,3492.tif,1,0,0
,3493.tif,1,30,1
,3494.tif,3,10,0
,3495.tif,2,0,0
,3498.tif,1,1,0
,3499.tif,2,0,0
,3502.tif,1,5,0
,3503.tif,1,0,0
,3504.tif,1,0,0
,3506.tif,1,9,0
,3507.tif,1,0,0
,3508.tif,3,1,0
,3509.tif,2,16,0
,3510.tif,0,18,0
,3511.tif,1,0,0
,3512.tif,1,0,0
,3513.tif,1,6,0
,3514.tif,2,5,1
,3518.tif,0,2,0
,3520.tif,3,0,0
,3521.tif,1,0,0
,3523.tif,1,0,0
,3525.tif,0,6,1
,3526.tif,0,4,1
,3528.tif,2,0,0
,3529.tif,1,24,1
,3530.tif,0,24,2
,3531.tif,0,7,1
,3532.tif,2,0,0
,3533.tif,1,31,1
,3534.tif,1,3,0
,3535.tif,1,0,0
,3537.tif,2,5,0
,3538.tif,2,1,0
,3539.tif,1,0,0
,3542.tif,1,2,0
,3543.tif,2,0,0
,3545.tif,0,4,0
,3546.tif,0,3,0
,3548.tif,1,4,0
,3549.tif,0,21,0
,3550.tif,0,19,1
,3552.tif,0,3,0
,3553.tif,0,9,1
,3554.tif,1,5,2
,3555.tif,1,0,0
,3556.tif,2,0,0
,3557.tif,2,2,0
,3558.tif,1,0,0
,3560.tif,3,2,6
,3561.tif,2,0,0
,3562.tif,1,1,0
,3564.tif,2,1,3
,3565.tif,3,1,0
,3566.tif,2,1,0
,3568.tif,3,1,0
,3569.tif,2,30,2
,3570.tif,1,6,1
,3572.tif,4,0,0
,3573.tif,2,8,3
,3574.tif,1,5,2
,3575.tif,1,0,3
,3576.tif,1,1,0
,3577.tif,1,1,0
,3579.tif,1,0,0
,3583.tif,1,0,0
,3584.tif,1,0,0
,3585.tif,0,3,0
,3586.tif,0,10,0
,3587.tif,0,3,0
,3589.tif,0,2,0
,3590.tif,0,23,1
,3591.tif,0,12,0
,3592.tif,1,0,0
,3593.tif,2,0,0
,3594.tif,1,8,0
,3595.tif,0,8,0
,3596.tif,1,0,0
,3597.tif,2,0,0
,3598.tif,1,1,0
,3606.tif,0,4,0
,3608.tif,1,0,0
,3609.tif,1,0,0
,3610.tif,0,19,1
,3611.tif,0,15,0
,3612.tif,2,0,0
,3613.tif,1,0,0
,3614.tif,0,13,0
,3615.tif,0,15,1
,3617.tif,1,0,0
,3618.tif,0,4,0
,3619.tif,0,2,0
,3620.tif,1,0,0
,3625.tif,0,4,1
,3626.tif,0,3,1
,3629.tif,0,21,2
,3630.tif,0,22,1
,3633.tif,0,7,2
,3634.tif,0,8,0
,3636.tif,1,0,0
,3642.tif,0,1,0
,3645.tif,0,7,1
,3646.tif,0,9,3
,3647.tif,0,5,0
,3648.tif,0,3,0
,3649.tif,0,14,1
,3650.tif,1,17,2
,3651.tif,1,9,0
,3653.tif,0,9,0
,3654.tif,1,7,0
,3655.tif,1,0,0
,3660.tif,0,2,2
,3662.tif,1,0,0
,3663.tif,1,0,0
,3664.tif,2,3,0
,3665.tif,0,5,1
,3666.tif,0,12,1
,3667.tif,0,2,0
,3668.tif,1,11,5
,3669.tif,0,17,1
,3670.tif,0,11,3
,3671.tif,0,1,0
,3672.tif,1,0,0
,3673.tif,1,13,3
,3674.tif,0,6,0
,3676.tif,1,0,5
,3677.tif,3,0,0
,3682.tif,1,0,0
,3683.tif,2,0,1
,3687.tif,1,1,4
,3688.tif,0,5,3
,3689.tif,0,18,2
,3690.tif,0,8,0
,3691.tif,1,1,0
,3692.tif,0,5,0
,3693.tif,0,15,0
,3694.tif,0,8,1
,3695.tif,1,0,0
,3697.tif,1,0,0
,3698.tif,2,0,0
,3699.tif,1,0,0
,3700.tif,1,0,0
,3701.tif,1,0,0
,3702.tif,1,0,0
,3703.tif,1,0,0
,3704.tif,1,10,4
,3705.tif,0,8,5
,3706.tif,1,0,0
,3707.tif,4,0,0
,3708.tif,1,5,0
,3709.tif,0,21,16
,3710.tif,1,0,0
,3711.tif,1,0,0
,3712.tif,1,0,1
,3713.tif,1,23,17
,3714.tif,1,6,8
,3715.tif,0,5,4
,3716.tif,2,0,0
,3717.tif,1,1,1
,3718.tif,1,2,3
,3719.tif,1,18,22
,3724.tif,0,6,1
,3725.tif,0,2,0
,3727.tif,1,4,6
,3728.tif,0,19,4
,3729.tif,0,17,8
,3730.tif,1,0,0
,3731.tif,5,1,10
,3732.tif,0,9,1
,3733.tif,0,19,8
,3734.tif,2,0,0
,3735.tif,1,0,0
,3737.tif,1,4,1
,3738.tif,1,0,1
,3745.tif,0,2,0
,3746.tif,0,1,0
,3748.tif,1,0,0
,3749.tif,0,6,3
,3750.tif,0,14,1
,3752.tif,2,0,0
,3753.tif,0,15,4
,3754.tif,0,18,2
,3755.tif,1,5,2
,3756.tif,1,1,0
,3757.tif,0,3,0
,3758.tif,0,2,0
,3759.tif,1,0,0
,3760.tif,1,2,0
,3761.tif,2,4,0
,3762.tif,2,1,0
,3763.tif,4,0,0
,3764.tif,2,0,0
,3765.tif,0,10,0
,3766.tif,0,5,3
,3767.tif,1,6,0
,3768.tif,2,0,0
,3769.tif,1,3,0
,3770.tif,0,10,0
,3771.tif,0,27,2
,3772.tif,1,0,0
,3774.tif,0,13,1
,3776.tif,2,0,0
,3777.tif,2,0,3
,3778.tif,1,3,0
,3779.tif,1,1,0
,3781.tif,2,0,0
,3782.tif,1,0,0
,3785.tif,1,0,0
,3786.tif,0,1,0
,3788.tif,1,0,0
,3789.tif,1,7,0
,3790.tif,0,18,1
,3791.tif,0,10,3
,3792.tif,2,0,0
,3793.tif,1,0,0
,3794.tif,1,16,2
,3795.tif,0,10,0
,3796.tif,1,1,0
,3797.tif,3,0,0
,3798.tif,2,1,0
,3799.tif,1,0,0
,3800.tif,1,0,0
,3805.tif,1,0,0
,3808.tif,1,0,0
,3809.tif,2,0,0
,3810.tif,1,12,4
,3811.tif,0,15,0
,3812.tif,1,0,1
,3813.tif,1,7,2
,3814.tif,0,21,1
,3815.tif,1,5,1
,3816.tif,1,0,0
,3817.tif,1,0,0
,3818.tif,1,0,3
,3819.tif,2,0,0
,3820.tif,1,0,0
,3821.tif,2,0,1
,3822.tif,1,0,0
,3823.tif,1,1,0
,3825.tif,1,5,0
,3826.tif,0,3,0
,3827.tif,1,0,0
,3829.tif,0,14,3
,3830.tif,0,23,4
,3831.tif,1,0,0
,3833.tif,0,6,1
,3834.tif,0,12,1
,3835.tif,1,0,0
,3840.tif,2,0,0
,3841.tif,1,0,0
,3842.tif,2,0,0
,3844.tif,2,0,0
,3845.tif,1,10,0
,3846.tif,2,0,0
,3847.tif,1,0,0
,3848.tif,1,19,1
,3849.tif,0,15,0
,3850.tif,0,4,0
,3852.tif,1,7,2
,3853.tif,0,9,1
,3856.tif,1,0,0
,3857.tif,1,0,0
,3858.tif,1,0,0
,3859.tif,1,0,0
,3862.tif,1,0,0
,3863.tif,1,0,0
,3864.tif,1,0,0
,3865.tif,2,2,0
,3866.tif,1,0,0
,3867.tif,1,0,0
,3868.tif,3,0,0
,3869.tif,3,1,1
,3870.tif,1,15,1
,3871.tif,0,13,5
,3872.tif,3,0,0
,3873.tif,3,3,0
,3874.tif,1,16,3
,3875.tif,0,17,0
,3876.tif,2,0,1
,3877.tif,3,0,0
,3878.tif,2,0,0
,3884.tif,1,0,0
,3885.tif,1,0,0
,3886.tif,1,0,0
,3887.tif,1,0,0
,3888.tif,1,0,0
,3889.tif,1,11,0
,3890.tif,1,18,8
,3891.tif,1,1,0
,3892.tif,1,0,0
,3893.tif,1,9,1
,3894.tif,1,18,0
,3895.tif,0,3,0
,3898.tif,1,0,0
,3900.tif,3,0,8
,3901.tif,1,0,0
,3902.tif,1,0,0
,3903.tif,4,2,0
,3904.tif,1,3,2
,3905.tif,1,0,0
,3906.tif,1,3,0
,3907.tif,1,1,1
,3908.tif,2,5,1
,3909.tif,0,28,0
,3910.tif,1,5,0
,3911.tif,1,0,14
,3912.tif,1,0,0
,3913.tif,0,14,3
,3914.tif,0,3,0
,3922.tif,3,0,0
,3923.tif,2,1,0
,3925.tif,0,8,0
,3926.tif,2,9,1
,3927.tif,3,2,0
,3929.tif,0,12,1
,3930.tif,1,21,2
,3931.tif,1,3,0
,3933.tif,0,3,0
,3934.tif,1,6,1
,3935.tif,2,0,0
,3936.tif,1,0,0
,3937.tif,1,0,0
,3938.tif,1,0,0
,3939.tif,1,0,0
,3940.tif,1,39,50
,3941.tif,3,7,6
,3942.tif,1,0,2
,3944.tif,1,12,23
,3945.tif,2,2,1
,3946.tif,1,0,0
,3947.tif,1,7,3
,3948.tif,1,0,0
,3949.tif,0,11,6
,3950.tif,0,11,3
,3951.tif,0,7,3
,3952.tif,1,0,0
,3953.tif,0,7,3
,3954.tif,0,9,3
,3955.tif,1,0,0
,3956.tif,1,1,0
,3957.tif,1,0,0
,3959.tif,1,1,0
,3960.tif,1,0,2
,3964.tif,1,0,0
,3966.tif,0,3,2
,3968.tif,0,5,8
,3969.tif,0,20,35
,3970.tif,1,17,25
,3971.tif,1,0,0
,3972.tif,0,6,9
,3973.tif,0,21,27
,3974.tif,1,6,6
,3975.tif,1,0,0
,3976.tif,1,0,0
,3978.tif,1,0,0
,3983.tif,1,0,0
,3984.tif,0,2,3
,3985.tif,0,6,3
,3986.tif,1,2,0
,3987.tif,2,0,0
,3988.tif,0,10,13
,3989.tif,0,16,16
,3990.tif,1,6,2
,3992.tif,0,8,16
,3993.tif,0,15,17
,3998.tif,1,0,0
,4002.tif,1,1,2
,4003.tif,1,0,0
,4004.tif,2,0,5
,4005.tif,1,10,3
,4006.tif,1,7,6
,4007.tif,1,0,0
,4008.tif,1,4,2
,4009.tif,0,19,6
,4010.tif,0,16,3
,4011.tif,0,5,1
,4013.tif,0,14,1
,4014.tif,0,9,5
,4015.tif,1,1,0
,4016.tif,1,0,0
,4018.tif,2,0,0
,4019.tif,1,0,0
,4022.tif,1,0,0
,4023.tif,1,0,0
,4024.tif,2,0,0
,4025.tif,3,0,3
,4026.tif,0,1,0
,4027.tif,1,0,0
,4028.tif,2,1,6
,4029.tif,4,5,2
,4030.tif,0,70,77
,4032.tif,1,0,0
,4033.tif,4,0,0
,4034.tif,3,4,6
,4035.tif,1,0,0
,4036.tif,1,0,0
,4038.tif,1,0,0
,4039.tif,2,0,0
,4040.tif,3,2,1
,4041.tif,3,0,0
,4042.tif,1,0,0
,4044.tif,3,1,0
,4045.tif,2,0,0
,4046.tif,2,1,5
,4047.tif,2,0,3
,4048.tif,2,0,1
,4049.tif,2,1,4
,4050.tif,1,26,51
,4051.tif,2,15,27
,4052.tif,1,0,6
,4053.tif,1,0,0
,4054.tif,0,23,32
,4055.tif,1,0,0
,4056.tif,1,2,0
,4057.tif,1,1,0
,4059.tif,1,0,0
,4060.tif,0,39,26
,4061.tif,1,22,15
,4062.tif,1,2,1
,4063.tif,1,0,1
,4064.tif,0,8,2
,4065.tif,0,18,3
,4066.tif,0,6,2
,4067.tif,1,0,1
,4068.tif,1,9,9
,4069.tif,0,29,18
,4070.tif,0,15,5
,4071.tif,1,2,3
,4072.tif,1,6,0
,4073.tif,0,24,7
,4074.tif,1,23,11
,4075.tif,0,3,0
,4076.tif,2,2,0
,4077.tif,1,1,0
,4078.tif,0,2,0
,4081.tif,1,0,0
,4082.tif,1,0,0
,4085.tif,0,3,2
,4086.tif,2,5,2
,4087.tif,2,0,0
,4089.tif,0,17,5
,4090.tif,1,20,6
,4091.tif,2,0,0
,4093.tif,0,32,5
,4094.tif,0,6,0
,4095.tif,1,0,0
,4096.tif,2,0,1
,4097.tif,1,0,0
,4098.tif,1,1,1
,4099.tif,1,0,0
,4103.tif,2,1,1
,4104.tif,1,1,0
,4105.tif,0,1,2
,4108.tif,1,0,0
,4109.tif,0,13,2
,4110.tif,0,15,5
,4111.tif,1,0,0
,4112.tif,1,0,0
,4113.tif,3,17,3
,4114.tif,1,13,2
,4115.tif,3,0,0
,4116.tif,1,0,0
,4117.tif,2,2,0
,4119.tif,1,0,0
,4120.tif,1,0,0
,4124.tif,1,0,0
,4125.tif,1,0,0
,4126.tif,1,0,0
,4128.tif,0,6,4
,4129.tif,0,19,7
,4130.tif,0,9,1
,4131.tif,1,0,0
,4132.tif,0,7,4
,4133.tif,0,27,8
,4134.tif,0,8,6
,4135.tif,2,0,0
,4136.tif,0,4,2
,4137.tif,0,3,3
,4139.tif,2,0,0
,4140.tif,1,0,0
,4143.tif,0,7,2
,4144.tif,1,0,0
,4146.tif,0,10,4
,4147.tif,1,17,1
,4148.tif,1,0,0
,4149.tif,1,20,4
,4150.tif,0,22,7
,4151.tif,1,2,0
,4152.tif,2,0,0
,4153.tif,1,7,3
,4154.tif,1,17,4
,4155.tif,2,0,0
,4156.tif,1,0,0
,4157.tif,2,3,0
,4158.tif,2,2,0
,4159.tif,1,0,0
,4162.tif,1,0,0
,4163.tif,1,0,0
,4165.tif,0,3,2
,4166.tif,1,8,3
,4167.tif,1,1,0
,4169.tif,0,12,3
,4170.tif,0,23,8
,4171.tif,1,6,0
,4173.tif,0,10,2
,4174.tif,0,14,1
,4175.tif,2,2,0
,4179.tif,2,0,2
,4182.tif,1,0,0
,4183.tif,2,0,0
,4184.tif,1,2,1
,4185.tif,1,3,0
,4186.tif,2,0,1
,4187.tif,2,0,0
,4188.tif,1,4,0
,4189.tif,0,13,2
,4190.tif,1,9,3
,4191.tif,1,0,0
,4192.tif,1,3,2
,4193.tif,1,23,3
,4194.tif,1,9,3
,4195.tif,1,2,0
,4196.tif,2,0,0
,4197.tif,2,4,0
,4198.tif,2,1,0
,4199.tif,4,0,2
,4200.tif,1,0,0
,4201.tif,3,0,0
,4204.tif,3,0,0
,4205.tif,4,0,0
,4206.tif,0,7,2
,4207.tif,1,1,0
,4208.tif,2,1,0
,4209.tif,1,7,3
,4210.tif,0,31,9
,4211.tif,1,6,0
,4212.tif,3,0,0
,4213.tif,0,12,2
,4214.tif,0,22,14
,4215.tif,1,3,0
,4216.tif,1,2,0
,4217.tif,1,0,0
,4218.tif,1,2,0
,4219.tif,3,0,0
,4220.tif,2,0,0
,4221.tif,2,0,1
,4223.tif,2,0,0
,4224.tif,1,2,0
,4225.tif,1,1,0
,4226.tif,1,1,1
,4227.tif,1,0,0
,4228.tif,0,13,3
,4229.tif,0,33,2
,4230.tif,0,20,0
,4231.tif,0,6,0
,4232.tif,0,8,1
,4233.tif,1,15,2
,4234.tif,0,33,1
,4235.tif,0,17,0
,4236.tif,1,1,1
,4237.tif,1,0,0
,4238.tif,0,9,0
,4239.tif,1,0,0
,4240.tif,1,0,0
,4241.tif,3,0,0
,4242.tif,2,0,1
,4243.tif,1,0,0
,4244.tif,0,1,0
,4245.tif,2,0,0
,4246.tif,1,0,0
,4247.tif,1,0,0
,4248.tif,0,6,0
,4249.tif,0,12,1
,4250.tif,0,13,0
,4251.tif,1,9,1
,4253.tif,1,0,0
,4254.tif,1,6,0
,4255.tif,0,18,1
,4257.tif,1,0,0
,4258.tif,4,0,1
,4259.tif,0,4,0
,4265.tif,0,13,13
,4266.tif,0,5,8
,4268.tif,0,3,2
,4269.tif,0,14,11
,4270.tif,0,16,11
,4273.tif,0,4,4
,4274.tif,1,7,0
,4275.tif,1,0,0
,4276.tif,1,0,0
,4278.tif,1,0,0
,4279.tif,1,0,0
,4284.tif,0,1,0
,4285.tif,0,3,1
,4286.tif,0,3,2
,4288.tif,1,3,0
,4289.tif,0,12,3
,4290.tif,0,20,6
,4293.tif,0,14,2
,4294.tif,0,9,0
,4297.tif,1,1,0
,4302.tif,0,1,2
,4303.tif,1,1,1
,4305.tif,1,13,5
,4306.tif,0,18,1
,4307.tif,0,1,2
,4309.tif,0,35,5
,4310.tif,0,61,7
,4311.tif,0,34,9
,4313.tif,1,0,0
,4314.tif,2,12,1
,4315.tif,2,13,0
,4317.tif,2,0,0
,4318.tif,5,1,0
,4319.tif,1,0,0
,4324.tif,1,0,0
,4325.tif,0,7,0
,4326.tif,0,5,1
,4328.tif,1,5,0
,4329.tif,0,19,4
,4330.tif,0,14,2
,4331.tif,0,6,1
,4333.tif,0,7,6
,4334.tif,0,13,1
,4335.tif,0,6,3
,4337.tif,0,1,0
,4338.tif,1,1,0
,4339.tif,1,1,0
,4340.tif,1,0,0
,4344.tif,3,0,0
,4345.tif,1,0,0
,4346.tif,0,10,2
,4348.tif,1,0,0
,4349.tif,1,13,5
,4350.tif,0,13,8
,4352.tif,3,0,0
,4353.tif,1,6,0
,4354.tif,0,9,3
,4357.tif,1,2,1
,4360.tif,1,2,0
,4361.tif,1,0,0
,4362.tif,3,1,0
,4363.tif,2,0,0
,4364.tif,1,6,2
,4365.tif,1,1,0
,4366.tif,2,1,0
,4367.tif,3,0,0
,4368.tif,1,4,0
,4369.tif,1,21,4
,4370.tif,2,20,4
,4371.tif,3,0,0
,4373.tif,0,9,3
,4374.tif,2,27,6
,4375.tif,1,4,2
,4385.tif,0,8,2
,4386.tif,0,5,2
,4387.tif,0,8,11
,4388.tif,1,3,1
,4389.tif,0,24,3
,4390.tif,0,11,2
,4393.tif,1,12,2
,4394.tif,1,10,0
,4395.tif,0,3,0
,4397.tif,1,0,0
,4400.tif,1,0,0
,4401.tif,1,2,0
,4404.tif,1,5,0
,4405.tif,0,10,1
,4408.tif,0,14,2
,4409.tif,0,22,0
,4410.tif,0,10,1
,4411.tif,1,0,0
,4412.tif,0,6,0
,4413.tif,1,9,1
,4414.tif,0,5,0
,4415.tif,1,0,0
,4417.tif,2,0,0
,4418.tif,1,0,0
,4420.tif,0,0,0
,4421.tif,1,0,2
,4422.tif,1,0,0
,4425.tif,2,0,0
,4426.tif,1,2,0
,4427.tif,1,0,0
,4429.tif,0,11,1
,4430.tif,0,17,0
,4431.tif,1,11,2
,4432.tif,0,2,0
,4433.tif,0,1,0
,4434.tif,0,12,3
,4435.tif,0,13,0
,4440.tif,0,8,1
,4442.tif,1,0,0
,4443.tif,1,1,2
,4444.tif,0,16,8
,4446.tif,1,1,1
,4447.tif,2,0,0
,4448.tif,0,8,4
,4449.tif,0,25,15
,4450.tif,0,19,6
,4451.tif,1,2,0
,4452.tif,0,2,3
,4453.tif,0,21,6
,4454.tif,0,8,3
,4456.tif,0,1,0
,4457.tif,1,0,0
,4458.tif,1,0,0
,4460.tif,2,18,9
,4461.tif,0,18,8
,4462.tif,2,0,0
,4463.tif,3,0,0
,4464.tif,1,0,0
,4465.tif,1,5,0
,4466.tif,0,11,3
,4467.tif,1,1,0
,4468.tif,2,0,0
,4469.tif,0,20,5
,4470.tif,1,7,4
,4471.tif,2,0,0
,4472.tif,2,0,0
,4473.tif,0,4,2
,4474.tif,1,3,0
,4475.tif,1,1,0
,4477.tif,1,7,0
,4478.tif,0,3,2
,4480.tif,1,2,0
,4481.tif,1,0,0
,4483.tif,1,0,0
,4485.tif,1,0,0
,4486.tif,0,6,2
,4487.tif,1,1,0
,4489.tif,0,13,3
,4490.tif,0,17,4
,4491.tif,1,3,0
,4493.tif,0,16,10
,4494.tif,0,13,3
,4495.tif,1,0,0
,4498.tif,1,0,0
,4499.tif,2,1,3
,4500.tif,4,0,0
,4501.tif,4,1,0
,4502.tif,2,0,0
,4504.tif,2,0,0
,4505.tif,2,1,0
,4506.tif,2,4,4
,4507.tif,2,1,2
,4509.tif,1,6,2
,4510.tif,0,23,5
,4511.tif,0,9,4
,4512.tif,1,0,0
,4513.tif,1,8,6
,4514.tif,1,21,10
,4515.tif,1,1,0
,4516.tif,1,0,0
,4517.tif,1,0,0
,4518.tif,2,0,0
,4519.tif,2,0,0
,4520.tif,0,1,0
,4523.tif,1,0,0
,4524.tif,1,1,1
,4525.tif,2,4,0
,4526.tif,3,0,1
,4527.tif,1,0,0
,4528.tif,0,16,1
,4529.tif,1,17,1
,4530.tif,1,6,0
,4531.tif,1,4,2
,4533.tif,0,22,3
,4534.tif,0,32,6
,4535.tif,1,4,1
,4537.tif,0,12,6
,4538.tif,1,7,2
,4539.tif,2,0,0
,4542.tif,1,0,0
,4544.tif,0,3,4
,4546.tif,0,6,1
,4548.tif,1,1,2
,4549.tif,0,8,5
,4550.tif,0,15,8
,4551.tif,0,7,7
,4552.tif,1,11,16
,4553.tif,0,7,7
,4554.tif,1,7,12
,4555.tif,2,0,1
,4557.tif,0,2,2
,4558.tif,1,0,2
,4559.tif,3,0,3
,4560.tif,1,0,1
,4561.tif,2,0,0
,4562.tif,3,0,2
,4563.tif,3,0,16
,4564.tif,4,0,0
,4565.tif,1,0,1
,4566.tif,4,0,3
,4567.tif,2,0,2
,4569.tif,0,3,7
,4570.tif,0,9,21
,4571.tif,2,2,5
,4573.tif,1,15,23
,4574.tif,1,20,35
,4575.tif,1,12,16
,4576.tif,1,0,3
,4577.tif,3,0,0
,4578.tif,2,0,1
,4579.tif,1,0,0
,4580.tif,1,1,3
,4581.tif,0,1,2
,4583.tif,1,0,3
,4584.tif,2,0,6
,4585.tif,0,7,21
,4586.tif,0,2,7
,4587.tif,2,0,2
,4588.tif,2,0,3
,4589.tif,2,10,23
,4590.tif,1,17,34
,4591.tif,1,0,0
,4592.tif,1,0,3
,4593.tif,1,5,6
,4594.tif,1,21,29
,4595.tif,1,3,5
,4597.tif,0,2,2
,4598.tif,1,4,1
,4599.tif,1,0,1
,4600.tif,16,0,9
,4601.tif,3,0,3
,4603.tif,7,0,8
,4604.tif,10,0,10
,4605.tif,2,1,10
,4606.tif,2,2,9
,4607.tif,3,0,0
,4609.tif,0,6,5
,4610.tif,2,12,9
,4611.tif,3,0,5
,4613.tif,0,21,8
,4614.tif,1,13,6
,4615.tif,1,0,4
,4616.tif,1,2,0
,4617.tif,0,4,0
,4618.tif,1,1,1
,4620.tif,2,0,0
,4621.tif,2,0,12
,4622.tif,1,0,2
,4623.tif,1,0,0
,4627.tif,1,0,5
,4628.tif,1,0,4
,4629.tif,0,20,26
,4630.tif,0,13,37
,4631.tif,0,3,28
,4632.tif,3,0,1
,4633.tif,1,24,59
,4634.tif,1,10,46
,4636.tif,1,0,9
,4637.tif,1,0,0
,4638.tif,3,0,27
,4639.tif,4,0,12
,4642.tif,1,0,0
,4643.tif,2,0,1
,4644.tif,5,0,4
,4645.tif,3,0,6
,4646.tif,4,0,1
,4648.tif,2,3,7
,4649.tif,0,33,15
,4650.tif,1,7,3
,4651.tif,1,1,0
,4652.tif,0,9,4
,4653.tif,1,18,10
,4654.tif,3,0,0
,4655.tif,1,0,1
,4658.tif,1,0,0
,4659.tif,1,0,0
,4663.tif,0,2,13
,4665.tif,0,2,28
,4666.tif,0,4,41
,4669.tif,0,5,36
,4670.tif,0,18,61
,4671.tif,0,10,39
,4672.tif,1,1,7
,4673.tif,0,5,42
,4674.tif,1,11,23
,4675.tif,1,0,4
,4676.tif,2,0,8
,4678.tif,2,0,25
,4679.tif,2,0,5
,4683.tif,1,0,2
,4684.tif,1,0,1
,4685.tif,0,3,6
,4687.tif,1,0,19
,4688.tif,1,6,6
,4689.tif,1,20,38
,4690.tif,1,0,27
,4691.tif,2,0,21
,4692.tif,0,15,29
,4693.tif,1,30,46
,4694.tif,1,3,32
,4695.tif,1,1,52
,4696.tif,1,3,13
,4697.tif,1,2,13
,4698.tif,3,0,8
,4701.tif,1,2,30
,4702.tif,2,0,5
,4703.tif,1,0,20
,4704.tif,2,0,22
,4705.tif,1,3,53
,4706.tif,1,0,0
,4707.tif,19,0,7
,4708.tif,2,0,14
,4709.tif,2,14,68
,4710.tif,1,22,85
,4711.tif,7,1,13
,4712.tif,7,0,21
,4713.tif,3,6,47
,4714.tif,0,27,129
,4715.tif,2,2,34
,4716.tif,5,0,40
,4717.tif,33,0,24
,4718.tif,3,0,10
,4719.tif,3,0,4
,4728.tif,3,0,5
,4729.tif,0,8,89
,4730.tif,0,4,84
,4732.tif,18,0,63
,4733.tif,0,23,95
,4734.tif,1,10,114
,4735.tif,1,3,52
,4737.tif,1,8,73
,4738.tif,1,6,35
,4739.tif,1,0,0
,4740.tif,1,0,2
,4741.tif,1,0,11
,4743.tif,1,0,19
,4744.tif,1,0,0
,4745.tif,1,0,17
,4747.tif,0,4,53
,4749.tif,0,10,49
,4750.tif,0,19,68
,4752.tif,0,3,17
,4753.tif,0,13,62
,4754.tif,0,28,79
,4756.tif,0,27,52
,4757.tif,1,7,31
,4758.tif,2,3,69
,4759.tif,1,0,32
,4760.tif,9,0,1
,4761.tif,1,0,0
,4762.tif,0,0,0
,4763.tif,0,0,0
,4764.tif,4,0,0
,4765.tif,1,8,2
,4766.tif,0,10,6
,4767.tif,2,0,0
,4768.tif,3,0,0
,4769.tif,1,18,1
,4770.tif,0,8,7
,4771.tif,2,0,0
,4772.tif,0,0,0
,4773.tif,0,6,2
,4774.tif,1,0,1
,4775.tif,3,0,0
,4776.tif,0,0,0
,4777.tif,0,0,0
,4778.tif,4,0,0
,4779.tif,5,0,0
,4780.tif,1,0,1
,4781.tif,2,1,0
,4782.tif,4,1,32
,4785.tif,2,3,0
,4788.tif,1,1,18
,4789.tif,0,33,9
,4790.tif,0,5,3
,4793.tif,0,11,2
,4794.tif,1,1,0
,4795.tif,1,0,2
,4797.tif,7,1,38
,4800.tif,2,0,0
,4801.tif,1,1,0
,4802.tif,1,0,1
,4803.tif,2,0,0
,4804.tif,4,2,0
,4805.tif,1,2,0
,4806.tif,1,0,0
,4807.tif,1,0,0
,4808.tif,1,1,0
,4809.tif,0,36,12
,4810.tif,0,13,2
,4811.tif,0,1,0
,4812.tif,1,0,0
,4813.tif,1,2,2
,4814.tif,3,3,0
,4815.tif,0,42,6
,4816.tif,1,0,0
,4817.tif,0,0,1
,4818.tif,1,0,0
,4819.tif,0,4,1
,4820.tif,1,0,0
,4821.tif,1,0,0
,4822.tif,0,0,0
,4823.tif,3,0,0
,4824.tif,2,2,0
,4825.tif,1,2,1
,4826.tif,1,2,0
,4827.tif,2,1,1
,4828.tif,2,10,4
,4829.tif,0,36,10
,4830.tif,0,5,0
,4831.tif,1,0,0
,4832.tif,1,4,2
,4833.tif,1,10,1
,4834.tif,1,0,0
,4835.tif,2,0,0
,4836.tif,0,0,0
,4837.tif,1,0,0
,4838.tif,0,0,1
,4839.tif,2,0,0
,4841.tif,3,1,0
,4842.tif,5,1,0
,4843.tif,1,0,0
,4846.tif,1,1,1
,4848.tif,1,0,0
,4849.tif,0,9,3
,4850.tif,0,5,5
,4852.tif,1,0,0
,4853.tif,1,25,8
,4854.tif,0,8,5
,4855.tif,1,0,0
,4856.tif,1,0,0
,4857.tif,1,0,0
,4858.tif,13,0,0
,4859.tif,1,1,3
,4860.tif,3,0,3
,4861.tif,2,0,0
,4862.tif,2,0,0
,4864.tif,2,0,0
,4865.tif,2,5,4
,4868.tif,3,6,0
,4869.tif,0,30,14
,4872.tif,2,1,0
,4873.tif,1,3,1
,4875.tif,7,0,2
,4877.tif,1,0,0
,4880.tif,6,0,0
,4881.tif,2,1,3
,4882.tif,1,0,1
,4884.tif,2,0,0
,4885.tif,1,0,0
,4888.tif,1,0,6
,4889.tif,0,10,1
,4890.tif,1,2,1
,4892.tif,1,0,0
,4893.tif,0,25,2
,4894.tif,1,18,4
,4897.tif,1,10,1
,4898.tif,1,5,0
,4901.tif,1,0,0
,4902.tif,1,0,0
,4903.tif,1,1,0
,4904.tif,2,0,0
,4905.tif,2,0,0
,4906.tif,1,0,0
,4907.tif,1,0,0
,4908.tif,2,0,3
,4909.tif,1,30,4
,4910.tif,0,26,5
,4912.tif,2,0,2
,4913.tif,1,5,1
,4914.tif,1,0,0
,4915.tif,2,0,0
,4916.tif,1,0,0
,4917.tif,1,0,1
,4918.tif,1,0,0
,4919.tif,1,0,0
,4920.tif,2,0,0
,4921.tif,1,0,0
,4922.tif,4,0,0
,4923.tif,3,1,0
,4924.tif,3,1,0
,4925.tif,0,24,3
,4926.tif,1,5,1
,4927.tif,1,0,0
,4928.tif,3,1,0
,4929.tif,1,29,2
,4930.tif,1,10,1
,4932.tif,3,0,0
,4933.tif,1,0,0
,4934.tif,0,3,1
,4936.tif,1,0,0
,4937.tif,1,0,0
,4938.tif,2,0,2
,4941.tif,1,0,0
,4942.tif,1,0,0
,4945.tif,2,0,0
,4946.tif,3,0,0
,4947.tif,1,0,0
,4948.tif,0,4,0
,4949.tif,1,27,4
,4950.tif,1,0,0
,4951.tif,1,0,0
,4952.tif,0,7,0
,4953.tif,0,36,4
,4954.tif,1,0,0
,4956.tif,1,0,0
,4960.tif,2,0,0
,4961.tif,1,0,0
,4962.tif,4,0,0
,4963.tif,3,1,0
,4964.tif,3,1,0
,4965.tif,0,24,3
,4966.tif,1,5,1
,4967.tif,1,0,0
,4968.tif,3,1,0
,4969.tif,1,29,2
,4970.tif,1,10,1
,4972.tif,3,0,0
,4973.tif,1,0,0
,4974.tif,0,3,1
,4976.tif,1,0,0
,4977.tif,1,0,0
,4978.tif,2,0,2
,4980.tif,2,0,0
,4981.tif,1,0,0
,4982.tif,0,1,3
,4983.tif,0,0,0
,4984.tif,0,1,1
,4985.tif,2,8,0
,4986.tif,1,1,0
,4987.tif,0,0,0
,4988.tif,0,9,2
,4989.tif,0,35,7
,4990.tif,0,2,2
,4991.tif,0,0,0
,4992.tif,1,1,0
,4993.tif,1,0,2
,4994.tif,1,0,0
,4995.tif,0,0,0
,4996.tif,2,1,0
,4997.tif,4,3,1
,4998.tif,2,0,1
,4999.tif,0,0,1
,5000.tif,1,0,0
,5001.tif,1,0,0
,5002.tif,1,0,0
,5003.tif,1,0,0
,5004.tif,1,0,0
,5005.tif,1,0,0
,5006.tif,1,0,0
,5007.tif,0,0,1
,5008.tif,1,0,0
,5009.tif,0,30,3
,5010.tif,0,14,1
,5011.tif,0,0,0
,5012.tif,0,0,0
,5013.tif,0,4,0
,5014.tif,0,5,0
,5015.tif,0,1,0
,5016.tif,0,0,0
,5017.tif,0,0,0
,5018.tif,0,0,0
,5019.tif,0,0,0
,5028.tif,0,6,10
,5029.tif,0,48,56
,5030.tif,2,0,2
,5032.tif,2,2,5
,5033.tif,2,28,29
,5034.tif,2,1,3
,5035.tif,1,0,1
,5037.tif,1,0,0
,5039.tif,1,0,0
,5043.tif,1,0,0
,5046.tif,1,0,0
,5047.tif,1,0,0
,5049.tif,0,11,2
,5050.tif,0,15,2
,5051.tif,2,0,2
,5053.tif,0,6,0
,5054.tif,0,11,3
,5056.tif,1,0,0
,5057.tif,1,1,5
,5058.tif,2,0,0
,5059.tif,1,0,0
,5068.tif,0,1,1
,5069.tif,0,12,4
,5077.tif,1,0,0
,5078.tif,1,0,0
,5083.tif,2,0,0
,5089.tif,0,27,5
,5092.tif,1,0,0
,5093.tif,0,35,8
,5094.tif,0,16,2
,5097.tif,0,2,0
,5098.tif,1,0,0
,5099.tif,1,0,0
,5109.tif,0,34,1
,5110.tif,0,5,2
,5112.tif,1,2,0
,5113.tif,1,29,0
,5114.tif,1,6,3
,5115.tif,1,0,0
,5116.tif,1,0,0
,5118.tif,1,0,0
,5129.tif,0,20,2
,5130.tif,0,22,2
,5133.tif,0,14,8
,5134.tif,0,16,6
,5145.tif,0,10,0
,5146.tif,0,3,0
,5149.tif,0,44,2
,5150.tif,0,16,2
,5153.tif,0,5,0
,5158.tif,0,4,1
,5167.tif,1,1,0
,5169.tif,0,18,2
,5170.tif,0,6,1
,5172.tif,0,14,0
,5173.tif,0,40,12
,5189.tif,0,2,3
,5190.tif,1,2,6
,5193.tif,0,13,20
,5194.tif,1,14,17
,5198.tif,2,0,3
,5209.tif,0,14,67
,5210.tif,0,12,79
,5213.tif,0,9,65
,5214.tif,0,11,93
,5218.tif,0,1,15
,5220.tif,1,0,0
,5221.tif,1,0,0
,5225.tif,0,3,5
,5228.tif,0,4,11
,5229.tif,0,18,56
,5230.tif,0,7,32
,5233.tif,0,10,30
,5234.tif,0,6,26
,5249.tif,0,3,11
,5250.tif,0,4,16
,5252.tif,0,1,1
,5253.tif,0,24,39
,5254.tif,1,15,9
,5257.tif,0,3,3
,5258.tif,0,1,2
,5266.tif,0,3,9
,5269.tif,0,19,37
,5270.tif,0,40,40
,5271.tif,0,3,8
,5273.tif,0,16,30
,5274.tif,0,17,23
,5289.tif,0,4,5
,5290.tif,0,11,21
,5293.tif,0,11,13
,5294.tif,0,28,31
,5309.tif,0,3,14
,5310.tif,0,18,43
,5311.tif,0,6,13
,5313.tif,0,1,1
,5314.tif,0,11,18
,5315.tif,0,3,12
,5328.tif,0,10,7
,5329.tif,1,47,32
,5330.tif,1,2,0
,5332.tif,0,7,7
,5333.tif,0,37,19
,5334.tif,1,5,1
,5349.tif,0,14,100
,5350.tif,0,13,61
,5353.tif,0,10,52
,5354.tif,0,10,66
,5368.tif,0,5,0
,5369.tif,0,14,9
,5370.tif,0,6,7
,5372.tif,0,2,0
,5373.tif,0,14,8
,5374.tif,0,5,6
,5387.tif,1,0,0
,5389.tif,2,29,8
,5390.tif,0,9,4
,5393.tif,2,12,2
,5394.tif,1,0,0
,5396.tif,1,1,1
,5400.tif,3,3,0
,5403.tif,1,0,0
,5404.tif,1,0,0
,5405.tif,1,0,0
,5407.tif,2,0,0
,5409.tif,0,14,2
,5410.tif,0,3,0
,5411.tif,2,1,0
,5412.tif,0,9,2
,5413.tif,0,35,0
,5414.tif,2,2,0
,5415.tif,1,0,0
,5417.tif,2,4,3
,5418.tif,2,1,1
,5419.tif,2,0,0
,5420.tif,1,0,0
,5421.tif,1,0,0
,5423.tif,1,4,6
,5425.tif,1,0,0
,5426.tif,2,0,6
,5429.tif,0,8,9
,5430.tif,0,7,9
,5433.tif,0,17,15
,5434.tif,0,27,14
,5435.tif,0,4,12
,5437.tif,0,6,9
,5438.tif,1,10,13
,5439.tif,2,0,7
,5446.tif,1,0,0
,5449.tif,0,7,1
,5450.tif,1,19,0
,5451.tif,0,6,0
,5453.tif,0,8,0
,5454.tif,0,27,2
,5455.tif,1,9,1
,5458.tif,1,1,0
,5459.tif,3,0,0
,5464.tif,1,0,0
,5465.tif,0,4,1
,5466.tif,0,0,3
,5468.tif,2,0,0
,5469.tif,1,27,3
,5470.tif,0,19,0
,5472.tif,2,1,0
,5473.tif,0,14,1
,5474.tif,0,14,2
,5482.tif,1,1,0
,5484.tif,1,0,5
,5485.tif,3,0,4
,5486.tif,1,1,2
,5488.tif,2,0,1
,5489.tif,2,8,7
,5490.tif,3,3,1
,5491.tif,1,0,1
,5492.tif,1,3,2
,5493.tif,0,39,3
,5494.tif,1,24,3
,5497.tif,2,2,3
,5498.tif,2,0,7
,5500.tif,1,1,2
,5501.tif,3,0,0
,5502.tif,2,4,1
,5503.tif,1,3,3
,5505.tif,1,0,0
,5509.tif,0,8,1
,5510.tif,0,5,0
,5513.tif,1,29,3
,5514.tif,1,21,4
,5516.tif,2,2,0
,5517.tif,3,0,1
,5518.tif,2,0,0
,5528.tif,1,0,0
,5529.tif,0,17,0
,5532.tif,3,6,2
,5533.tif,0,18,4
,5534.tif,0,5,3
,5536.tif,2,5,0
,5537.tif,0,24,3
,5538.tif,0,2,0
,5540.tif,0,2,3
,5541.tif,1,0,3
,5548.tif,1,0,0
,5549.tif,1,10,5
,5550.tif,0,12,6
,5552.tif,1,0,5
,5553.tif,0,18,1
,5554.tif,1,12,14
,5555.tif,8,0,4
,5556.tif,1,0,0
,5557.tif,6,0,7
,5558.tif,3,0,1
,5559.tif,3,0,2
,5565.tif,1,0,0
,5566.tif,2,0,0
,5568.tif,2,0,0
,5569.tif,2,11,0
,5570.tif,1,17,2
,5571.tif,3,3,3
,5573.tif,0,24,1
,5574.tif,0,26,2
,5581.tif,2,0,1
,5582.tif,2,1,0
,5583.tif,2,0,0
,5585.tif,2,0,0
,5586.tif,3,0,2
,5587.tif,2,2,0
,5588.tif,0,9,3
,5589.tif,1,19,11
,5590.tif,2,2,4
,5591.tif,2,0,0
,5592.tif,1,5,6
,5593.tif,0,37,7
,5594.tif,3,5,9
,5595.tif,2,0,3
,5598.tif,1,2,4
,5599.tif,2,1,1
,5601.tif,2,0,0
,5602.tif,1,0,0
,5603.tif,1,2,1
,5605.tif,1,2,0
,5606.tif,2,1,0
,5607.tif,2,0,0
,5608.tif,0,2,0
,5609.tif,1,20,28
,5610.tif,1,21,43
,5611.tif,1,2,2
,5613.tif,1,14,14
,5614.tif,1,2,1
,5615.tif,1,1,0
,5617.tif,0,12,4
,5622.tif,1,0,0
,5625.tif,0,6,1
,5628.tif,0,4,0
,5629.tif,0,15,2
,5630.tif,0,14,1
,5631.tif,1,1,1
,5633.tif,0,14,1
,5634.tif,0,10,4
,5635.tif,1,0,0
,5639.tif,1,0,0
,5640.tif,1,0,0
,5644.tif,2,1,0
,5645.tif,1,1,0
,5646.tif,0,5,4
,5648.tif,0,1,0
,5649.tif,1,6,0
,5650.tif,0,24,4
,5651.tif,0,5,14
,5652.tif,1,0,0
,5653.tif,0,7,7
,5654.tif,0,9,3
,5656.tif,1,0,0
,5657.tif,1,0,1
,5662.tif,1,0,0
,5663.tif,2,0,0
,5665.tif,0,6,3
,5666.tif,1,4,4
,5667.tif,0,5,2
,5668.tif,0,8,5
,5669.tif,0,28,18
,5670.tif,0,14,13
,5671.tif,0,5,0
,5672.tif,1,1,0
,5673.tif,1,8,6
,5674.tif,1,10,22
,5675.tif,0,6,18
,5676.tif,1,1,2
,5677.tif,2,0,3
,5678.tif,1,0,0
,5679.tif,1,0,4
,5680.tif,1,0,0
,5681.tif,1,0,0
,5685.tif,0,6,0
,5686.tif,0,4,1
,5688.tif,0,5,5
,5689.tif,0,20,0
,5690.tif,0,15,1
,5691.tif,0,3,1
,5692.tif,1,0,0
,5693.tif,1,10,2
,5694.tif,0,13,1
,5695.tif,0,2,0
,5705.tif,0,4,2
,5706.tif,0,8,4
,5708.tif,0,9,1
,5709.tif,0,6,1
,5710.tif,0,13,10
,5711.tif,0,4,1
,5712.tif,0,4,0
,5713.tif,0,16,5
,5714.tif,0,8,3
,5717.tif,0,4,0
,5722.tif,1,0,0
,5723.tif,1,0,0
,5725.tif,0,7,1
,5726.tif,1,21,7
,5727.tif,1,0,0
,5728.tif,0,3,0
,5729.tif,0,7,5
,5730.tif,0,19,2
,5731.tif,1,8,2
,5733.tif,0,5,0
,5734.tif,0,7,0
,5736.tif,1,0,0
,5740.tif,1,4,1
,5741.tif,1,0,1
,5742.tif,1,0,0
,5743.tif,1,0,0
,5744.tif,1,0,0
,5745.tif,0,4,2
,5746.tif,1,5,0
,5747.tif,1,1,0
,5748.tif,1,5,0
,5749.tif,0,9,0
,5750.tif,0,9,0
,5751.tif,1,3,0
,5752.tif,0,2,0
,5753.tif,0,6,1
,5754.tif,0,14,1
,5755.tif,0,5,0
,5758.tif,0,3,0
,5761.tif,1,0,0
,5762.tif,1,0,0
,5764.tif,1,0,0
,5765.tif,0,5,3
,5767.tif,0,2,0
,5768.tif,1,6,0
,5769.tif,0,3,2
,5770.tif,0,5,0
,5771.tif,0,20,3
,5772.tif,0,4,2
,5773.tif,0,10,0
,5774.tif,0,4,0
,5775.tif,0,9,0
,5777.tif,0,2,0
,5778.tif,0,2,0
,5780.tif,1,0,0
,5781.tif,1,0,0
,5784.tif,1,0,0
,5785.tif,0,4,1
,5786.tif,0,10,3
,5788.tif,1,0,0
,5789.tif,0,13,3
,5790.tif,0,20,7
,5791.tif,0,3,0
,5792.tif,1,0,0
,5793.tif,0,8,2
,5794.tif,0,11,1
,5797.tif,1,0,1
,5800.tif,1,0,0
,5802.tif,2,0,13
,5803.tif,1,0,13
,5804.tif,2,0,3
,5805.tif,1,7,50
,5806.tif,2,0,31
,5807.tif,1,0,0
,5808.tif,1,5,5
,5809.tif,2,18,15
,5810.tif,3,12,84
,5811.tif,3,0,2
,5812.tif,2,0,1
,5813.tif,2,0,1
,5814.tif,2,3,13
,5815.tif,2,0,6
,5816.tif,2,0,2
,5817.tif,1,0,7
,5818.tif,1,0,16
,5819.tif,2,0,6
,5823.tif,1,0,0
,5825.tif,0,4,1
,5827.tif,1,0,0
,5829.tif,0,21,12
,5830.tif,0,11,10
,5831.tif,1,0,0
,5832.tif,1,2,4
,5833.tif,2,15,9
,5834.tif,1,10,18
,5835.tif,1,0,0
,5836.tif,1,0,5
,5837.tif,2,0,0
,5838.tif,5,0,2
,5839.tif,1,0,0
,5840.tif,6,0,0
,5841.tif,2,0,1
,5842.tif,1,0,0
,5844.tif,2,0,0
,5845.tif,2,2,2
,5846.tif,0,10,24
,5847.tif,0,7,13
,5848.tif,1,15,26
,5849.tif,0,21,39
,5850.tif,0,21,35
,5851.tif,0,27,60
,5852.tif,0,15,30
,5853.tif,0,18,31
,5855.tif,1,3,5
,5856.tif,1,0,1
,5857.tif,2,3,1
,5858.tif,1,0,2
,5859.tif,1,0,0
,5860.tif,1,0,0
,5861.tif,1,0,3
,5862.tif,1,0,8
,5864.tif,1,4,1
,5865.tif,1,12,25
,5866.tif,0,10,39
,5868.tif,0,4,1
,5869.tif,0,15,17
,5870.tif,0,20,39
,5871.tif,0,3,25
,5872.tif,0,3,2
,5873.tif,0,15,31
,5874.tif,1,3,29
,5876.tif,2,2,11
,5877.tif,2,4,15
,5878.tif,3,0,2
,5879.tif,1,0,35
,5885.tif,0,3,0
,5886.tif,0,4,1
,5888.tif,0,2,2
,5889.tif,0,10,1
,5890.tif,0,17,1
,5891.tif,0,4,2
,5893.tif,0,11,11
,5894.tif,0,17,2
,5895.tif,0,3,0
,5898.tif,0,3,2
,5899.tif,1,0,1
,5900.tif,1,0,0
,5902.tif,0,2,0
,5904.tif,1,0,0
,5905.tif,0,8,0
,5906.tif,0,4,0
,5908.tif,0,5,0
,5909.tif,0,28,5
,5910.tif,0,24,3
,5911.tif,0,1,1
,5912.tif,1,0,0
,5913.tif,2,1,0
,5915.tif,1,0,0
,5916.tif,1,0,0
,5917.tif,1,0,0
,5918.tif,2,0,0
,5919.tif,1,0,0
,5929.tif,0,29,23
,5930.tif,0,16,10
,5932.tif,1,0,0
,5933.tif,0,5,5
,5945.tif,0,2,4
,5949.tif,0,44,11
,5950.tif,0,7,3
,5953.tif,1,3,2
,5969.tif,0,23,26
,5970.tif,0,15,46
,5973.tif,0,10,71
,5974.tif,0,5,42
,5977.tif,2,5,76
,5978.tif,6,0,22
,5979.tif,11,0,5
,5982.tif,1,0,0
,5985.tif,2,4,2
,5988.tif,1,0,0
,5989.tif,0,11,2
,5990.tif,0,20,4
,5991.tif,1,0,0
,5992.tif,1,0,0
,5993.tif,0,5,3
,5994.tif,0,17,5
,5995.tif,1,0,0
,5998.tif,1,0,2
,5999.tif,3,0,0
,6000.tif,1,0,0
,6001.tif,1,0,0
,6004.tif,1,1,1
,6005.tif,4,1,3
,6006.tif,1,0,0
,6007.tif,1,0,2
,6008.tif,1,0,3
,6009.tif,2,23,21
,6010.tif,1,10,11
,6011.tif,1,0,3
,6013.tif,0,16,17
,6014.tif,2,4,2
,6016.tif,1,1,0
,6017.tif,2,1,0
,6018.tif,1,0,0
,6020.tif,2,0,0
,6021.tif,2,1,0
,6022.tif,4,3,0
,6023.tif,4,0,2
,6024.tif,1,0,0
,6025.tif,2,4,6
,6026.tif,5,0,0
,6027.tif,2,1,3
,6028.tif,2,0,1
,6029.tif,1,12,9
,6030.tif,1,15,10
,6031.tif,1,2,5
,6032.tif,3,0,0
,6033.tif,1,5,2
,6034.tif,1,3,2
,6035.tif,3,1,3
,6036.tif,2,0,0
,6037.tif,2,0,1
,6038.tif,1,0,0
,6039.tif,1,0,0
,6040.tif,2,0,0
,6041.tif,3,0,0
,6042.tif,1,0,0
,6043.tif,4,1,1
,6044.tif,1,0,0
,6045.tif,1,0,0
,6046.tif,1,0,1
,6047.tif,1,0,0
,6048.tif,2,0,0
,6049.tif,1,0,0
,6050.tif,0,18,13
,6052.tif,3,0,5
,6053.tif,0,23,62
,6054.tif,1,9,19
,6055.tif,1,0,0
,6057.tif,1,1,1
,6058.tif,1,0,0
,6059.tif,1,11,4
,6062.tif,1,0,0
,6063.tif,1,0,0
,6065.tif,2,2,0
,6066.tif,3,0,0
,6067.tif,1,0,0
,6070.tif,2,14,3
,6071.tif,2,11,0
,6072.tif,0,10,8
,6073.tif,0,5,1
,6074.tif,1,22,4
,6075.tif,0,5,2
,6076.tif,0,30,18
,6077.tif,1,1,2
,6078.tif,1,0,0
,6083.tif,1,0,0
,6086.tif,0,4,5
,6088.tif,3,0,1
,6089.tif,1,6,1
,6090.tif,1,17,6
,6091.tif,4,3,0
,6092.tif,0,1,8
,6093.tif,0,12,3
,6094.tif,1,7,0
,6095.tif,2,0,0
,6096.tif,1,0,2
,6097.tif,2,0,0
,6098.tif,1,0,0
,6105.tif,1,0,0
,6106.tif,1,1,0
,6109.tif,0,4,4
,6110.tif,0,28,4
,6112.tif,3,0,0
,6113.tif,1,2,8
,6114.tif,0,9,3
,6115.tif,1,0,0
,6117.tif,1,0,0
,6118.tif,1,0,0
,6119.tif,1,0,0
,6122.tif,1,0,1
,6123.tif,1,0,2
,6125.tif,1,0,0
,6126.tif,1,0,1
,6127.tif,1,1,0
,6128.tif,2,0,0
,6129.tif,2,14,9
,6130.tif,2,6,2
,6131.tif,2,1,0
,6132.tif,1,0,2
,6133.tif,1,14,1
,6134.tif,1,9,2
,6137.tif,3,0,1
,6138.tif,2,0,0
,6140.tif,3,0,0
,6141.tif,17,0,0
,6142.tif,16,0,0
,6143.tif,1,5,2
,6144.tif,6,0,0
,6145.tif,2,0,0
,6146.tif,1,2,1
,6147.tif,0,3,4
,6148.tif,4,0,0
,6149.tif,2,0,0
,6150.tif,1,13,2
,6151.tif,0,11,8
,6152.tif,2,0,0
,6153.tif,1,0,1
,6154.tif,0,20,17
,6155.tif,0,7,6
,6156.tif,0,9,1
,6157.tif,3,0,0
,6159.tif,1,2,2
,6160.tif,0,8,10
,6162.tif,1,0,0
,6163.tif,2,1,1
,6165.tif,0,1,0
,6166.tif,2,0,1
,6167.tif,2,5,10
,6168.tif,2,0,0
,6169.tif,1,12,2
,6170.tif,0,25,15
,6171.tif,1,34,30
,6172.tif,5,0,1
,6173.tif,1,7,3
,6174.tif,0,26,11
,6175.tif,1,5,5
,6176.tif,1,0,0
,6177.tif,1,2,2
,6179.tif,2,0,0
,6183.tif,1,0,0
,6184.tif,1,0,0
,6187.tif,2,0,2
,6189.tif,0,11,8
,6190.tif,0,15,17
,6191.tif,1,0,2
,6193.tif,0,15,27
,6194.tif,0,16,16
,6195.tif,1,0,0
,6196.tif,5,0,0
,6198.tif,1,0,0
,6200.tif,1,0,0
,6203.tif,0,9,2
,6204.tif,2,7,19
,6205.tif,1,0,0
,6208.tif,3,4,1
,6209.tif,0,24,25
,6210.tif,0,14,27
,6212.tif,4,1,1
,6213.tif,1,4,3
,6214.tif,0,5,7
,6217.tif,1,0,1
,6222.tif,3,0,2
,6225.tif,0,9,8
,6226.tif,1,3,2
,6227.tif,0,3,5
,6229.tif,0,25,26
,6230.tif,0,14,18
,6231.tif,2,5,10
,6233.tif,0,7,11
,6234.tif,0,2,3
,6243.tif,0,1,1
,6244.tif,0,1,1
,6246.tif,0,4,7
,6250.tif,0,32,23
,6251.tif,0,10,1
,6252.tif,1,0,0
,6253.tif,0,3,1
,6254.tif,0,7,5
,6256.tif,2,0,0
,6257.tif,1,22,12
,6258.tif,2,20,6
,6259.tif,1,0,0
,6260.tif,4,1,4
,6261.tif,5,0,7
,6262.tif,3,0,27
,6263.tif,2,3,17
,6264.tif,1,0,3
,6265.tif,2,1,5
,6266.tif,1,0,4
,6267.tif,1,0,4
,6269.tif,1,1,2
,6270.tif,2,8,8
,6271.tif,1,0,3
,6272.tif,1,0,0
,6273.tif,3,0,6
,6274.tif,2,38,29
,6275.tif,1,11,8
,6276.tif,2,0,0
,6277.tif,1,0,0
,6278.tif,1,4,5
,6279.tif,2,0,0
,6280.tif,1,0,0
,6281.tif,1,0,0
,6283.tif,1,1,1
,6285.tif,5,0,2
,6286.tif,1,0,11
,6290.tif,0,29,5
,6291.tif,0,10,2
,6294.tif,1,8,0
,6295.tif,1,3,0
,6297.tif,1,0,3
,6298.tif,1,0,0
,6299.tif,2,0,0
,6301.tif,1,0,0
,6302.tif,1,0,0
,6303.tif,1,0,1
,6309.tif,0,12,7
,6310.tif,0,18,11
,6313.tif,0,12,8
,6314.tif,0,18,11
,6319.tif,1,0,3
,6320.tif,2,0,0
,6329.tif,1,3,4
,6330.tif,0,25,28
,6331.tif,0,2,0
,6332.tif,4,0,11
,6333.tif,1,4,7
,6334.tif,0,17,9
,6335.tif,0,6,4
,6336.tif,2,6,36
,6337.tif,0,7,38
,6338.tif,1,0,0
,6340.tif,4,0,1
,6341.tif,1,0,0
,6342.tif,1,0,0
,6343.tif,3,6,25
,6344.tif,3,1,27
,6345.tif,1,0,4
,6346.tif,3,0,0
,6347.tif,5,8,7
,6348.tif,1,0,0
,6349.tif,1,12,3
,6350.tif,1,16,4
,6351.tif,0,6,10
,6353.tif,0,6,3
,6354.tif,0,18,6
,6369.tif,0,3,9
,6370.tif,0,7,34
,6371.tif,3,1,7
,6373.tif,0,17,42
,6374.tif,3,32,77
,6375.tif,2,1,7
,6376.tif,6,0,1
,6377.tif,1,0,1
,6378.tif,5,10,50
,6379.tif,5,0,2
,6386.tif,2,0,0
,6387.tif,2,0,5
,6389.tif,0,11,30
,6390.tif,1,13,25
,6391.tif,4,0,6
,6392.tif,2,3,8
,6393.tif,2,6,7
,6394.tif,0,20,45
,6395.tif,5,0,8
,6397.tif,1,0,2
,6400.tif,4,1,5
,6401.tif,1,4,4
,6409.tif,0,2,3
,6410.tif,0,37,49
,6414.tif,1,22,34
,6415.tif,1,1,1
,6418.tif,2,1,5
,6419.tif,2,1,5
,6420.tif,1,0,3
,6421.tif,2,5,8
,6422.tif,4,3,5
,6423.tif,1,1,2
,6424.tif,2,0,0
,6425.tif,4,1,2
,6426.tif,2,0,4
,6427.tif,2,0,2
,6428.tif,9,0,1
,6429.tif,1,2,3
,6430.tif,0,25,33
,6431.tif,1,1,0
,6432.tif,2,0,2
,6433.tif,1,3,7
,6434.tif,1,22,19
,6435.tif,0,8,4
,6437.tif,2,2,13
,6438.tif,1,0,0
,6439.tif,0,17,27
,6440.tif,1,1,1
,6441.tif,0,2,5
,6442.tif,1,4,2
,6444.tif,3,5,16
,6445.tif,2,1,1
,6448.tif,2,0,1
,6449.tif,1,14,15
,6450.tif,0,4,3
,6451.tif,2,0,7
,6452.tif,2,0,2
,6453.tif,1,14,27
,6454.tif,0,14,19
,6455.tif,1,0,1
,6456.tif,2,0,4
,6457.tif,4,0,0
,6458.tif,2,1,7
,6459.tif,1,0,0
,6460.tif,1,0,0
,6461.tif,2,4,25
,6464.tif,2,3,3
,6468.tif,3,0,0
,6469.tif,0,20,24
,6470.tif,0,7,6
,6471.tif,1,0,0
,6472.tif,0,4,7
,6473.tif,0,22,23
,6474.tif,0,9,7
,6475.tif,1,0,3
,6477.tif,0,32,22
,6478.tif,0,26,45
,6479.tif,1,30,35
,6480.tif,4,0,0
,6481.tif,2,0,0
,6482.tif,5,0,0
,6483.tif,3,4,17
,6484.tif,1,0,4
,6485.tif,1,2,9
,6486.tif,9,0,1
,6489.tif,0,12,40
,6490.tif,3,0,16
,6492.tif,35,0,7
,6493.tif,2,16,27
,6494.tif,0,21,63
,6495.tif,1,0,3
,6496.tif,1,0,8
,6497.tif,1,0,8
,6499.tif,2,0,4
,6504.tif,4,4,14
,6505.tif,1,1,0
,6508.tif,3,3,7
,6509.tif,1,16,39
,6510.tif,0,5,15
,6512.tif,2,1,2
,6513.tif,1,12,32
,6514.tif,0,12,25
,6515.tif,0,12,21
,6517.tif,2,1,4
,6518.tif,1,1,1
,6519.tif,0,11,11
,6523.tif,2,3,4
,6527.tif,2,5,15
,6528.tif,0,3,10
,6529.tif,0,6,24
,6530.tif,0,34,59
,6531.tif,1,6,22
,6532.tif,2,8,48
,6533.tif,2,5,23
,6534.tif,1,11,21
,6535.tif,1,3,5
,6536.tif,0,12,37
,6537.tif,1,1,4
,6538.tif,2,3,17
,6539.tif,2,1,3
,6540.tif,2,0,3
,6541.tif,2,1,1
,6542.tif,1,0,0
,6544.tif,2,0,1
,6545.tif,1,0,0
,6546.tif,1,0,1
,6547.tif,1,0,0
,6548.tif,1,0,0
,6549.tif,2,7,12
,6550.tif,1,34,55
,6551.tif,4,0,0
,6553.tif,1,10,16
,6554.tif,1,33,57
,6555.tif,5,0,1
,6557.tif,1,4,7
,6558.tif,3,0,0
,6559.tif,4,0,2
,6564.tif,1,0,1
,6566.tif,0,2,2
,6569.tif,0,10,19
,6570.tif,0,19,21
,6571.tif,0,4,3
,6573.tif,0,8,5
,6574.tif,2,10,3
,6575.tif,1,0,0
,6578.tif,1,0,0
,6579.tif,1,0,0
,6580.tif,6,0,0
,6584.tif,2,0,0
,6588.tif,2,2,0
,6589.tif,0,4,6
,6590.tif,0,19,27
,6592.tif,1,0,0
,6593.tif,0,3,6
,6594.tif,0,29,53
,6595.tif,1,0,0
,6598.tif,1,0,0
,6599.tif,2,24,3
,6602.tif,0,3,1
,6603.tif,0,5,2
,6605.tif,0,5,5
,6606.tif,0,2,0
,6608.tif,1,0,0
,6609.tif,1,18,15
,6610.tif,0,22,13
,6612.tif,2,0,0
,6613.tif,4,1,0
,6614.tif,0,4,3
,6616.tif,3,0,0
,6617.tif,4,0,0
,6620.tif,2,0,0
,6621.tif,1,0,0
,6624.tif,1,0,0
,6625.tif,1,0,0
,6628.tif,3,17,1
,6629.tif,0,22,33
,6630.tif,0,14,21
,6632.tif,1,23,9
,6633.tif,0,31,50
,6634.tif,1,26,24
,6635.tif,1,2,3
,6636.tif,4,2,4
,6637.tif,1,10,15
,6638.tif,1,3,2
,6639.tif,1,0,0
,6640.tif,2,2,9
,6642.tif,1,7,0
,6643.tif,0,21,5
,6644.tif,4,1,0
,6645.tif,1,1,1
,6646.tif,1,0,0
,6647.tif,1,19,5
,6650.tif,0,27,26
,6654.tif,0,18,14
,6663.tif,1,0,0
,6664.tif,2,0,2
,6668.tif,1,0,1
,6669.tif,1,17,20
,6670.tif,1,15,13
,6671.tif,0,0,0
,6673.tif,1,11,13
,6674.tif,0,11,16
,6676.tif,2,0,2
,6677.tif,2,3,2
,6678.tif,1,0,0
,6679.tif,1,0,0
,6682.tif,1,0,0
,6689.tif,1,12,13
,6690.tif,0,31,28
,6693.tif,2,1,1
,6694.tif,3,7,9
,6696.tif,2,5,5
,6697.tif,3,0,0
,6698.tif,1,0,1
,6707.tif,1,0,0
,6709.tif,0,27,41
,6710.tif,0,42,63
,6711.tif,2,1,5
,6712.tif,1,0,0
,6713.tif,0,10,15
,6714.tif,0,21,32
,6719.tif,1,0,1
,6725.tif,0,4,1
,6729.tif,0,36,15
,6730.tif,0,17,7
,6733.tif,0,12,5
,6734.tif,0,14,5
,6737.tif,1,0,0
,6738.tif,1,0,0
,6740.tif,2,0,0
,6741.tif,3,0,0
,6742.tif,7,0,4
,6743.tif,1,0,0
,6744.tif,3,1,0
,6745.tif,2,0,1
,6746.tif,0,0,0
,6748.tif,1,0,0
,6749.tif,0,5,1
,6750.tif,0,9,7
,6753.tif,1,10,2
,6754.tif,1,18,8
,6755.tif,0,2,3
,6757.tif,1,0,0
,6758.tif,1,0,0
,6762.tif,2,0,3
,6766.tif,1,0,1
,6769.tif,0,13,11
,6770.tif,1,9,6
,6773.tif,0,15,12
,6774.tif,1,10,19
,6775.tif,1,3,0
,6777.tif,1,0,0
,6778.tif,2,1,0
,6779.tif,3,2,0
,6780.tif,1,0,0
,6781.tif,2,0,0
,6782.tif,4,0,6
,6789.tif,0,31,12
,6790.tif,1,18,14
,6791.tif,3,0,0
,6793.tif,0,9,8
,6794.tif,2,6,6
,6795.tif,1,0,0
,6798.tif,1,1,1
,6799.tif,2,0,0
,6805.tif,0,2,0
,6806.tif,0,6,0
,6809.tif,0,15,0
,6810.tif,0,20,0
,6813.tif,0,12,0
,6814.tif,0,12,1
,6822.tif,1,0,0
,6823.tif,4,0,0
,6829.tif,0,3,3
,6830.tif,0,14,4
,6831.tif,0,5,3
,6833.tif,0,13,38
,6834.tif,0,14,13
,6835.tif,0,7,0
,6836.tif,0,0,0
,6837.tif,0,1,38
,6838.tif,2,0,57
,6839.tif,3,0,5
,6844.tif,1,9,4
,6845.tif,0,10,0
,6846.tif,0,8,1
,6848.tif,1,6,0
,6849.tif,0,7,0
,6850.tif,1,0,1
,6851.tif,1,0,0
,6852.tif,0,11,1
,6853.tif,0,17,4
,6854.tif,1,0,0
,6855.tif,1,0,0
,6860.tif,1,0,0
,6865.tif,0,4,1
,6866.tif,0,12,3
,6868.tif,1,0,0
,6869.tif,1,10,3
,6870.tif,0,37,4
,6871.tif,1,5,0
,6872.tif,1,0,0
,6873.tif,2,0,0
,6874.tif,1,6,0
,6875.tif,1,1,0
,6876.tif,2,0,0
,6877.tif,2,0,0
,6880.tif,4,0,2
,6881.tif,1,0,0
,6882.tif,1,0,0
,6884.tif,2,0,1
,6885.tif,2,0,0
,6886.tif,2,0,0
,6887.tif,0,5,0
,6888.tif,1,0,1
,6889.tif,7,0,14
,6890.tif,1,13,8
,6891.tif,0,22,2
,6892.tif,6,0,8
,6893.tif,5,1,46
,6894.tif,0,4,59
,6895.tif,0,17,3
,6897.tif,1,0,1
,6898.tif,1,0,1
,6899.tif,0,1,2
,6900.tif,1,3,1
,6901.tif,2,0,0
,6902.tif,1,0,0
,6904.tif,1,1,0
,6907.tif,0,11,0
,6909.tif,1,5,3
,6910.tif,0,23,5
,6911.tif,0,14,2
,6913.tif,0,3,0
,6914.tif,1,13,1
,6915.tif,1,0,0
,6917.tif,1,1,0
,6918.tif,2,2,1
,6919.tif,1,0,0
,6920.tif,1,2,0
,6921.tif,2,0,0
,6922.tif,2,1,2
,6923.tif,1,0,0
,6924.tif,2,0,1
,6925.tif,1,1,0
,6926.tif,1,6,0
,6927.tif,2,0,0
,6929.tif,0,15,2
,6930.tif,0,23,4
,6931.tif,2,2,2
,6933.tif,0,5,2
,6934.tif,0,10,1
,6935.tif,0,6,3
,6939.tif,1,0,2
,6944.tif,0,3,0
,6945.tif,0,13,1
,6946.tif,0,7,1
,6948.tif,0,1,0
,6949.tif,0,18,1
,6950.tif,0,9,1
,6951.tif,0,1,0
,6952.tif,1,3,0
,6953.tif,0,13,2
,6954.tif,0,16,2
,6955.tif,0,3,2
,6956.tif,1,0,0
,6957.tif,0,5,0
,6958.tif,0,3,0
,6959.tif,0,3,0
,6961.tif,1,0,0
,6963.tif,0,1,0
,6965.tif,0,12,1
,6966.tif,0,14,1
,6967.tif,0,2,2
,6968.tif,0,6,0
,6969.tif,0,41,10
,6970.tif,1,9,3
,6971.tif,1,0,1
,6972.tif,0,9,5
,6973.tif,0,17,6
,6974.tif,1,7,1
,6975.tif,1,18,3
,6977.tif,0,4,1
,6978.tif,0,8,0
,6979.tif,0,35,14
,6980.tif,1,0,0
,6984.tif,1,0,0
,6985.tif,0,8,0
,6986.tif,0,10,0
,6987.tif,0,13,1
,6988.tif,4,0,0
,6989.tif,1,0,0
,6990.tif,0,25,0
,6991.tif,0,5,0
,6992.tif,2,0,0
,6993.tif,1,0,0
,6994.tif,2,6,0
,6995.tif,0,1,0
,6998.tif,2,0,0
,6999.tif,3,0,0
,7001.tif,1,0,0
,7002.tif,1,0,0
,7005.tif,0,5,2
,7006.tif,0,15,3
,7008.tif,0,2,0
,7009.tif,0,19,1
,7010.tif,0,28,5
,7011.tif,0,5,0
,7016.tif,1,0,0
,7022.tif,1,0,0
,7023.tif,1,1,0
,7025.tif,0,2,1
,7026.tif,1,6,0
,7027.tif,2,0,0
,7028.tif,1,0,0
,7029.tif,0,25,0
,7030.tif,0,33,5
,7031.tif,2,3,0
,7033.tif,0,2,0
,7034.tif,0,2,2
,7036.tif,1,0,0
,7041.tif,0,3,0
,7042.tif,1,0,0
,7043.tif,1,0,0
,7044.tif,1,0,0
,7045.tif,0,11,0
,7046.tif,1,5,0
,7047.tif,1,0,0
,7048.tif,3,5,0
,7049.tif,2,8,31
,7050.tif,1,16,2
,7051.tif,2,0,1
,7052.tif,3,0,3
,7053.tif,2,20,0
,7054.tif,0,8,1
,7055.tif,1,0,0
,7056.tif,4,0,0
,7057.tif,5,1,0
,7058.tif,2,1,0
,7059.tif,1,0,0
,7060.tif,1,0,0
,7061.tif,1,0,0
,7063.tif,0,3,1
,7065.tif,0,4,0
,7066.tif,1,4,0
,7067.tif,1,4,0
,7068.tif,0,6,0
,7069.tif,0,15,0
,7070.tif,1,1,0
,7071.tif,1,1,6
,7072.tif,0,12,1
,7073.tif,0,16,1
,7074.tif,0,11,0
,7075.tif,1,1,0
,7076.tif,0,7,0
,7077.tif,1,3,0
,7078.tif,1,0,0
,7079.tif,1,1,0
,7082.tif,0,3,0
,7085.tif,0,1,0
,7086.tif,0,7,0
,7087.tif,0,4,0
,7089.tif,0,2,0
,7090.tif,1,1,0
,7091.tif,1,3,0
,7093.tif,0,3,0
,7094.tif,1,11,3
,7095.tif,0,4,1
,7097.tif,0,15,1
,7098.tif,1,11,2
,7099.tif,1,0,0
,7109.tif,0,8,1
,7110.tif,0,17,3
,7113.tif,0,13,1
,7114.tif,0,14,1
,7123.tif,1,0,0
,7129.tif,0,2,0
,7130.tif,0,18,1
,7131.tif,0,18,1
,7134.tif,0,8,2
,7135.tif,0,3,0
,7143.tif,0,2,0
,7144.tif,1,0,0
,7145.tif,1,0,0
,7147.tif,1,1,0
,7148.tif,1,3,0
,7149.tif,0,23,5
,7150.tif,0,14,2
,7153.tif,0,12,1
,7154.tif,0,10,2
,7160.tif,1,0,0
,7161.tif,1,1,22
,7162.tif,1,0,0
,7163.tif,1,0,0
,7165.tif,1,0,0
,7166.tif,1,4,4
,7167.tif,0,1,0
,7168.tif,0,4,1
,7169.tif,0,9,7
,7170.tif,0,17,6
,7171.tif,0,9,5
,7173.tif,0,16,6
,7174.tif,0,18,2
,7175.tif,0,3,2
,7185.tif,0,7,1
,7186.tif,0,4,1
,7187.tif,0,1,0
,7188.tif,0,5,2
,7189.tif,0,20,0
,7190.tif,0,27,1
,7191.tif,0,10,0
,7192.tif,0,3,0
,7193.tif,0,15,5
,7194.tif,0,8,2
,7195.tif,0,4,1
,7198.tif,0,5,0
,7203.tif,1,0,0
,7205.tif,0,12,20
,7206.tif,0,17,12
,7207.tif,1,2,5
,7208.tif,0,6,14
,7209.tif,1,9,34
,7210.tif,0,14,22
,7211.tif,0,10,10
,7213.tif,0,3,10
,7214.tif,0,5,7
,7215.tif,0,3,0
,7220.tif,1,0,0
,7224.tif,1,0,0
,7225.tif,0,6,0
,7226.tif,0,6,2
,7229.tif,0,15,0
,7230.tif,0,14,0
,7231.tif,0,4,0
,7233.tif,0,9,1
,7234.tif,0,15,1
,7235.tif,0,4,0
,7240.tif,4,4,15
,7241.tif,1,0,2
,7244.tif,0,3,6
,7245.tif,0,12,8
,7246.tif,0,7,10
,7248.tif,0,12,3
,7249.tif,0,17,15
,7250.tif,0,14,9
,7251.tif,0,4,5
,7252.tif,0,6,4
,7253.tif,0,13,6
,7254.tif,1,6,19
,7255.tif,1,0,3
,7257.tif,0,3,10
,7258.tif,1,0,5
,7259.tif,1,0,0
,7260.tif,1,0,1
,7261.tif,1,0,1
,7264.tif,1,0,2
,7265.tif,1,5,2
,7266.tif,0,14,5
,7268.tif,0,2,6
,7269.tif,0,18,2
,7270.tif,0,24,3
,7271.tif,0,8,1
,7272.tif,0,2,0
,7273.tif,0,13,2
,7274.tif,2,2,1
,7275.tif,3,1,0
,7278.tif,1,0,0
,7279.tif,2,0,0
,7284.tif,1,0,1
,7285.tif,0,12,3
,7286.tif,1,1,1
,7287.tif,1,0,0
,7288.tif,1,4,2
,7289.tif,0,38,10
,7290.tif,1,5,9
,7291.tif,1,0,0
,7293.tif,0,16,8
,7294.tif,0,8,7
,7295.tif,1,0,0
,7310.tif,0,21,21
,7311.tif,0,8,2
,7313.tif,0,11,8
,7314.tif,0,31,22
,7315.tif,0,10,5
,7319.tif,1,0,0
,7323.tif,1,1,0
,7324.tif,1,0,0
,7325.tif,0,2,3
,7326.tif,0,5,6
,7327.tif,1,1,2
,7328.tif,1,0,0
,7329.tif,0,23,25
,7330.tif,0,29,24
,7331.tif,1,1,0
,7333.tif,0,6,4
,7334.tif,0,17,7
,7335.tif,0,5,3
,7341.tif,2,6,15
,7342.tif,1,2,0
,7345.tif,1,6,5
,7346.tif,0,10,9
,7347.tif,0,3,2
,7348.tif,0,3,2
,7349.tif,0,13,9
,7350.tif,0,16,6
,7351.tif,0,5,5
,7353.tif,0,14,5
,7354.tif,0,18,10
,7359.tif,1,0,0
,7365.tif,0,4,0
,7366.tif,0,4,1
,7368.tif,1,2,1
,7369.tif,0,9,6
,7370.tif,0,19,13
,7371.tif,0,4,4
,7372.tif,1,2,1
,7373.tif,0,15,7
,7374.tif,0,20,6
,7375.tif,0,2,4
,7385.tif,0,4,3
,7389.tif,0,26,38
,7390.tif,0,21,31
,7391.tif,0,3,3
,7393.tif,0,17,15
,7394.tif,0,20,30
,7395.tif,0,1,3
,7404.tif,1,0,0
,7405.tif,1,0,0
,7406.tif,4,0,0
,7407.tif,2,0,0
,7408.tif,1,1,2
,7409.tif,2,16,11
,7410.tif,0,35,10
,7411.tif,0,10,7
,7413.tif,0,5,6
,7414.tif,0,19,14
,7415.tif,0,6,2
,7424.tif,0,2,0
,7425.tif,0,10,4
,7426.tif,0,27,8
,7427.tif,0,3,0
,7428.tif,1,2,0
,7429.tif,0,20,11
,7430.tif,0,14,4
,7431.tif,0,2,4
,7433.tif,0,5,4
,7434.tif,0,5,3
,7435.tif,0,1,0
,7438.tif,0,1,0
,7439.tif,2,2,0
,7445.tif,0,11,2
,7446.tif,0,9,8
,7449.tif,0,20,6
,7450.tif,0,17,9
,7451.tif,0,4,7
,7453.tif,0,12,10
,7454.tif,0,11,3
,7455.tif,0,1,2
,7457.tif,0,1,0
,7458.tif,1,4,2
,7465.tif,0,6,1
,7466.tif,0,4,2
,7468.tif,0,5,4
,7469.tif,0,21,13
,7470.tif,0,22,11
,7471.tif,0,7,2
,7473.tif,0,12,8
,7474.tif,0,13,5
,7475.tif,0,2,0
,7485.tif,0,3,3
,7488.tif,0,5,1
,7489.tif,0,15,4
,7490.tif,0,8,1
,7492.tif,0,8,1
,7493.tif,0,13,7
,7494.tif,1,6,2
,7495.tif,1,0,0
,7496.tif,0,1,0
,7497.tif,0,5,4
,7498.tif,1,0,0
,7499.tif,1,0,0
,7505.tif,1,0,0
,7508.tif,0,6,2
,7509.tif,1,22,6
,7510.tif,0,16,7
,7512.tif,0,6,1
,7513.tif,0,21,4
,7514.tif,0,13,5
,7526.tif,0,7,2
,7528.tif,0,4,0
,7529.tif,0,17,15
,7530.tif,0,22,13
,7531.tif,0,9,11
,7532.tif,0,2,2
,7533.tif,0,18,12
,7534.tif,0,12,16
,7535.tif,0,5,4
,7538.tif,1,0,0
,7541.tif,1,1,0
,7542.tif,4,0,2
,7543.tif,1,0,0
,7544.tif,1,0,0
,7545.tif,2,8,8
,7546.tif,1,1,0
,7547.tif,3,0,0
,7548.tif,1,0,0
,7549.tif,1,14,3
,7550.tif,0,23,9
,7551.tif,1,2,0
,7552.tif,1,0,0
,7553.tif,1,12,7
,7554.tif,0,23,4
,7555.tif,0,2,2
,7556.tif,2,0,0
,7557.tif,2,0,0
,7558.tif,0,3,1
,7561.tif,2,1,1
,7562.tif,3,0,0
,7563.tif,1,0,0
,7564.tif,0,5,2
,7565.tif,1,7,6
,7566.tif,1,0,1
,7568.tif,0,3,8
,7569.tif,0,25,13
,7570.tif,0,18,4
,7571.tif,0,7,8
,7572.tif,0,3,7
,7573.tif,0,6,7
,7574.tif,0,1,7
,7575.tif,0,2,0
,7578.tif,1,0,1
,7579.tif,1,0,0
,7585.tif,0,4,2
,7586.tif,0,4,4
,7587.tif,1,0,2
,7588.tif,0,8,5
,7589.tif,0,12,9
,7590.tif,0,12,11
,7591.tif,0,2,10
,7592.tif,0,7,7
,7593.tif,0,16,7
,7594.tif,0,12,22
,7595.tif,0,7,15
,7596.tif,0,2,3
,7597.tif,0,9,9
,7598.tif,1,0,0
,7599.tif,1,1,0
,7605.tif,0,9,9
,7606.tif,0,7,6
,7607.tif,0,1,0
,7608.tif,0,1,1
,7609.tif,0,28,25
,7610.tif,0,18,24
,7611.tif,0,5,3
,7612.tif,0,1,0
,7613.tif,0,16,14
,7614.tif,0,12,14
,7615.tif,0,2,2
,7624.tif,0,2,1
,7625.tif,0,3,7
,7626.tif,0,8,8
,7627.tif,0,2,5
,7628.tif,0,6,9
,7629.tif,0,14,10
,7630.tif,0,14,20
,7631.tif,0,5,19
,7632.tif,0,3,5
,7633.tif,0,14,13
,7634.tif,1,10,10
,7635.tif,1,4,3
,7637.tif,0,3,4
,7638.tif,1,0,0
,7639.tif,1,0,0
,7640.tif,1,0,0
,7641.tif,1,0,0
,7644.tif,1,0,0
,7645.tif,1,1,1
,7646.tif,0,2,0
,7649.tif,0,12,16
,7650.tif,0,19,27
,7651.tif,0,3,1
,7652.tif,0,2,4
,7653.tif,0,13,16
,7654.tif,0,23,22
,7655.tif,0,7,10
,7657.tif,0,7,12
,7658.tif,0,6,14
,7659.tif,3,0,2
,7660.tif,1,0,0
,7661.tif,1,0,0
,7665.tif,0,3,17
,7666.tif,0,3,9
,7669.tif,0,9,33
,7670.tif,0,18,31
,7672.tif,0,8,26
,7673.tif,0,27,64
,7674.tif,0,19,46
,7677.tif,0,3,15
,7685.tif,0,3,4
,7686.tif,0,11,8
,7687.tif,0,6,4
,7689.tif,0,13,10
,7690.tif,0,25,32
,7691.tif,0,10,8
,7694.tif,0,14,7
,7695.tif,0,4,1
,7706.tif,0,5,2
,7707.tif,0,2,3
,7709.tif,0,8,2
,7710.tif,0,34,2
,7711.tif,0,24,1
,7713.tif,0,3,2
,7714.tif,0,17,3
,7715.tif,0,3,0
,7718.tif,1,2,0
,7724.tif,1,3,0
,7725.tif,0,14,5
,7726.tif,0,7,2
,7728.tif,0,5,4
,7729.tif,0,18,2
,7730.tif,0,16,3
,7731.tif,0,3,2
,7732.tif,1,1,0
,7733.tif,0,10,0
,7734.tif,0,11,1
,7735.tif,1,8,1
,7736.tif,1,0,0
,7737.tif,0,5,0
,7738.tif,0,8,0
,7739.tif,1,1,0
,7740.tif,1,0,0
,7745.tif,0,6,5
,7746.tif,0,4,2
,7748.tif,0,5,1
,7749.tif,0,19,11
,7750.tif,0,17,8
,7751.tif,0,2,2
,7752.tif,1,0,0
,7753.tif,0,16,8
,7754.tif,0,17,8
,7755.tif,0,1,3
,7756.tif,1,0,2
,7762.tif,1,0,0
,7766.tif,1,0,0
,7767.tif,2,0,0
,7769.tif,0,4,0
,7770.tif,0,7,2
,7771.tif,9,0,6
,7772.tif,0,3,1
,7773.tif,0,14,10
,7774.tif,0,18,9
,7775.tif,0,16,4
,7777.tif,0,10,4
,7778.tif,0,12,9
,7779.tif,0,3,6
,7784.tif,0,1,0
,7785.tif,0,12,2
,7786.tif,0,8,1
,7788.tif,0,10,4
,7789.tif,0,12,2
,7790.tif,0,4,1
,7791.tif,0,2,0
,7792.tif,0,7,5
,7793.tif,0,7,5
,7794.tif,0,9,4
,7795.tif,0,7,2
,7797.tif,0,6,1
,7798.tif,0,5,2
,7799.tif,0,2,3
,7805.tif,0,15,6
,7806.tif,0,13,3
,7808.tif,0,7,0
,7809.tif,0,24,4
,7810.tif,0,22,1
,7811.tif,0,6,0
,7812.tif,0,1,0
,7813.tif,0,12,3
,7814.tif,0,14,2
,7815.tif,0,3,2
,7821.tif,1,0,0
,7822.tif,1,0,0
,7823.tif,1,0,0
,7825.tif,0,2,1
,7829.tif,0,23,6
,7830.tif,0,16,3
,7832.tif,0,4,2
,7833.tif,0,15,12
,7834.tif,0,17,7
,7837.tif,0,3,3
,7838.tif,0,4,2
,7845.tif,0,10,4
,7846.tif,0,6,3
,7848.tif,0,7,1
,7849.tif,0,25,8
,7850.tif,0,15,7
,7852.tif,0,10,0
,7853.tif,0,17,4
,7854.tif,0,6,1
,7866.tif,0,4,0
,7868.tif,0,4,0
,7869.tif,0,4,0
,7870.tif,0,6,1
,7871.tif,1,9,3
,7873.tif,0,6,1
,7874.tif,0,8,1
,7875.tif,1,2,0
,7877.tif,0,2,0
,7878.tif,0,5,0
,7879.tif,1,0,0
,7885.tif,0,2,0
,7886.tif,0,5,1
,7887.tif,0,1,0
,7889.tif,0,15,7
,7890.tif,0,23,5
,7891.tif,0,6,1
,7893.tif,0,14,6
,7894.tif,0,16,13
,7895.tif,0,2,1
,7897.tif,0,2,0
,7898.tif,0,2,4
,7900.tif,1,0,0
,7901.tif,1,0,0
,7904.tif,1,0,8
,7905.tif,0,5,12
,7906.tif,0,1,3
,7908.tif,0,6,11
,7909.tif,0,17,35
,7910.tif,0,16,23
,7911.tif,0,3,7
,7912.tif,0,3,6
,7913.tif,0,11,3
,7914.tif,0,8,10
,7925.tif,0,4,2
,7926.tif,0,4,0
,7928.tif,0,3,0
,7929.tif,0,23,15
,7930.tif,0,23,4
,7931.tif,1,1,1
,7933.tif,0,10,8
,7934.tif,0,6,2
,7935.tif,1,2,0
,7946.tif,0,11,7
,7947.tif,0,5,7
,7949.tif,0,5,9
,7950.tif,0,22,22
,7951.tif,0,18,26
,7952.tif,0,3,1
,7953.tif,1,7,6
,7954.tif,1,13,14
,7955.tif,0,14,9
,7957.tif,1,0,0
,7958.tif,2,0,0
,7965.tif,0,5,3
,7966.tif,0,7,3
,7969.tif,0,17,2
,7970.tif,0,24,6
,7971.tif,0,3,0
,7973.tif,0,10,6
,7974.tif,0,25,2
,7975.tif,0,4,0
,7985.tif,0,5,6
,7986.tif,0,7,11
,7989.tif,0,10,13
,7990.tif,0,20,21
,7993.tif,0,3,14
,7994.tif,0,5,18
,8000.tif,1,0,1
,8005.tif,0,3,25
,8006.tif,0,7,23
,8007.tif,0,3,6
,8009.tif,0,27,27
,8010.tif,0,20,32
,8011.tif,0,3,14
,8013.tif,0,20,29
,8014.tif,0,12,33
,8016.tif,1,1,5
,8026.tif,0,3,16
,8029.tif,0,8,6
,8030.tif,0,17,23
,8031.tif,0,13,29
,8033.tif,0,6,7
,8034.tif,0,20,32
,8035.tif,1,13,20
,8037.tif,0,1,0
,8038.tif,1,3,3
,8039.tif,1,0,8
,8045.tif,0,4,3
,8049.tif,0,25,33
,8050.tif,0,19,29
,8051.tif,0,3,4
,8053.tif,0,16,11
,8054.tif,0,19,31
,8055.tif,0,1,2
,8069.tif,0,15,9
,8070.tif,0,33,10
,8071.tif,0,2,0
,8073.tif,0,3,2
,8074.tif,0,25,7
,8075.tif,0,7,1
,8076.tif,0,3,2
,8077.tif,0,10,8
,8078.tif,0,7,5
,8079.tif,0,4,0
,8080.tif,1,0,0
,8081.tif,2,0,0
,8082.tif,0,1,0
,8084.tif,1,0,0
,8085.tif,0,5,4
,8086.tif,0,7,1
,8088.tif,1,5,4
,8089.tif,0,24,10
,8090.tif,0,16,11
,8091.tif,0,12,1
,8092.tif,0,10,12
,8093.tif,0,20,10
,8094.tif,0,17,5
,8095.tif,1,18,5
,8096.tif,0,6,4
,8098.tif,1,2,11
,8099.tif,2,0,1
,8102.tif,1,1,0
,8103.tif,1,0,0
,8106.tif,1,0,0
,8107.tif,1,0,0
,8109.tif,0,16,17
,8110.tif,1,3,1
,8111.tif,1,2,4
,8113.tif,0,10,13
,8114.tif,1,16,16
,8115.tif,1,0,0
,8117.tif,0,3,5
,8118.tif,0,3,11
,8120.tif,1,0,0
,8121.tif,2,0,0
,8122.tif,2,0,0
,8125.tif,1,0,0
,8126.tif,1,0,0
,8128.tif,0,8,1
,8129.tif,0,20,6
,8130.tif,0,11,7
,8131.tif,0,4,0
,8132.tif,0,5,1
,8133.tif,0,20,7
,8134.tif,0,15,6
,8135.tif,0,4,0
,8137.tif,1,6,1
,8138.tif,2,1,0
,8139.tif,1,0,0
,8146.tif,0,5,10
,8149.tif,0,11,8
,8150.tif,0,24,14
,8151.tif,0,10,10
,8153.tif,0,8,4
,8154.tif,0,22,13
,8155.tif,0,7,7
,8158.tif,1,0,0
,8160.tif,0,1,0
,8163.tif,1,7,2
,8165.tif,1,0,0
,8166.tif,1,0,0
,8167.tif,0,14,4
,8168.tif,0,7,2
,8169.tif,1,31,8
,8170.tif,0,23,9
,8173.tif,0,14,9
,8174.tif,1,10,15
,8175.tif,1,8,1
,8178.tif,2,0,2
,8179.tif,1,19,6
,8180.tif,1,0,0
,8181.tif,2,0,1
,8182.tif,2,0,0
,8183.tif,1,0,0
,8184.tif,1,0,0
,8185.tif,1,0,0
,8186.tif,1,0,0
,8188.tif,1,0,0
,8189.tif,1,3,0
,8190.tif,0,19,10
,8192.tif,1,3,0
,8193.tif,0,3,6
,8194.tif,1,38,15
,8195.tif,1,0,0
,8197.tif,1,1,2
,8198.tif,1,18,19
,8199.tif,1,3,2
,8200.tif,1,0,0
,8201.tif,2,0,3
,8202.tif,1,0,0
,8206.tif,1,0,0
,8208.tif,0,8,2
,8209.tif,0,24,8
,8210.tif,0,17,6
,8211.tif,0,2,0
,8212.tif,1,1,2
,8213.tif,0,18,3
,8214.tif,0,14,7
,8217.tif,1,0,0
,8219.tif,1,0,0
,8221.tif,0,2,1
,8222.tif,1,1,1
,8223.tif,1,1,0
,8224.tif,0,1,0
,8225.tif,0,9,11
,8226.tif,0,10,15
,8227.tif,1,0,0
,8228.tif,0,2,3
,8229.tif,0,17,19
,8230.tif,0,23,16
,8231.tif,0,6,7
,8233.tif,0,6,11
,8234.tif,0,13,12
,8235.tif,0,3,5
,8243.tif,1,0,0
,8246.tif,0,1,0
,8248.tif,0,8,2
,8249.tif,0,18,11
,8250.tif,0,18,5
,8252.tif,0,9,3
,8253.tif,0,21,11
,8254.tif,0,16,6
,8256.tif,0,1,2
,8257.tif,0,5,0
,8260.tif,2,0,0
,8261.tif,1,0,0
,8264.tif,1,0,0
,8265.tif,1,0,1
,8268.tif,0,2,3
,8269.tif,0,16,5
,8270.tif,0,6,9
,8272.tif,0,4,9
,8273.tif,0,17,26
,8274.tif,0,21,17
,8275.tif,0,2,3
,8277.tif,0,6,3
,8278.tif,0,8,8
,8279.tif,0,3,2
,8280.tif,2,0,4
,8281.tif,1,0,0
,8282.tif,2,0,0
,8283.tif,1,0,1
,8285.tif,1,0,1
,8286.tif,1,4,2
,8289.tif,0,22,10
,8290.tif,0,22,12
,8291.tif,0,3,3
,8293.tif,0,15,9
,8294.tif,0,11,11
,8295.tif,0,5,4
,8298.tif,0,3,4
,8299.tif,0,1,2
,8300.tif,1,0,0
,8306.tif,0,7,28
,8307.tif,1,1,1
,8308.tif,1,0,14
,8309.tif,0,10,43
,8310.tif,0,20,67
,8311.tif,2,3,4
,8313.tif,0,12,50
,8314.tif,0,18,79
,8315.tif,2,3,7
,8318.tif,0,2,8
,8329.tif,0,20,3
,8333.tif,1,26,1
,8334.tif,1,3,0
,8346.tif,1,0,0
,8348.tif,1,0,0
,8350.tif,1,24,6
,8351.tif,0,9,4
,8352.tif,3,1,5
,8353.tif,1,0,0
,8354.tif,0,23,9
,8355.tif,1,6,1
,8356.tif,1,0,0
,8357.tif,3,0,0
,8359.tif,1,0,0
,8360.tif,2,1,0
,8361.tif,1,1,0
,8362.tif,1,0,0
,8365.tif,1,1,0
,8369.tif,0,32,2
,8373.tif,1,14,0
,8374.tif,0,3,1
,8380.tif,1,4,0
,8383.tif,0,2,0
,8384.tif,1,8,0
,8385.tif,0,14,0
,8387.tif,1,1,0
,8388.tif,0,5,0
,8389.tif,0,31,1
,8390.tif,0,7,1
,8391.tif,1,0,0
,8400.tif,1,0,0
,8404.tif,2,1,1
,8405.tif,0,6,6
,8406.tif,0,4,0
,8408.tif,1,6,9
,8409.tif,0,27,28
,8410.tif,0,32,15
,8411.tif,0,12,5
,8412.tif,1,7,6
,8413.tif,1,6,3
,8414.tif,1,6,0
,8415.tif,1,3,0
,8416.tif,1,1,2
,8417.tif,4,0,0
,8418.tif,3,2,0
,8419.tif,1,0,0
,8422.tif,1,0,0
,8423.tif,1,0,0
,8424.tif,1,0,0
,8425.tif,1,0,0
,8426.tif,1,0,0
,8427.tif,2,0,0
,8428.tif,1,25,10
,8429.tif,1,40,23
,8430.tif,3,0,0
,8431.tif,2,0,0
,8432.tif,2,21,12
,8433.tif,1,25,7
,8434.tif,2,0,0
,8435.tif,2,0,0
,8436.tif,1,0,0
,8437.tif,1,0,0
,8438.tif,1,0,0
,8439.tif,6,0,2
,8440.tif,4,0,6
,8441.tif,2,0,0
,8442.tif,4,0,0
,8443.tif,1,0,0
,8444.tif,1,1,1
,8445.tif,2,0,0
,8446.tif,2,0,0
,8447.tif,2,0,0
,8448.tif,2,3,0
,8449.tif,1,29,10
,8450.tif,3,7,3
,8451.tif,4,0,2
,8452.tif,1,0,0
,8453.tif,1,8,1
,8454.tif,2,10,5
,8455.tif,1,0,0
,8457.tif,1,0,0
,8458.tif,2,0,0
,8459.tif,3,0,1
,8460.tif,3,0,0
,8461.tif,2,0,1
,8462.tif,1,0,0
,8464.tif,1,0,0
,8465.tif,1,7,5
,8466.tif,3,4,6
,8467.tif,2,0,4
,8468.tif,2,0,0
,8469.tif,0,33,6
,8470.tif,1,11,3
,8471.tif,2,0,0
,8472.tif,2,1,4
,8473.tif,2,4,0
,8474.tif,1,0,0
,8475.tif,2,1,2
,8476.tif,3,0,0
,8477.tif,2,0,0
,8478.tif,2,0,0
,8479.tif,3,1,0
,8480.tif,2,0,0
,8481.tif,1,0,0
,8482.tif,2,0,0
,8483.tif,2,0,0
,8484.tif,1,0,0
,8485.tif,0,6,3
,8486.tif,0,4,0
,8487.tif,3,0,0
,8488.tif,2,0,0
,8489.tif,0,20,12
,8490.tif,1,15,6
,8491.tif,3,2,0
,8493.tif,0,9,3
,8494.tif,2,4,0
,8495.tif,3,2,3
,8496.tif,2,0,0
,8498.tif,1,1,0
,8499.tif,3,1,4
,8500.tif,1,0,0
,8501.tif,1,0,0
,8504.tif,2,0,0
,8505.tif,1,4,2
,8506.tif,0,2,0
,8508.tif,1,0,1
,8509.tif,1,9,4
,8510.tif,0,22,14
,8511.tif,0,6,2
,8512.tif,2,0,0
,8513.tif,2,1,0
,8514.tif,1,11,9
,8515.tif,1,1,1
,8516.tif,2,0,0
,8517.tif,4,0,2
,8518.tif,2,1,1
,8519.tif,2,0,0
,8520.tif,2,0,2
,8521.tif,2,1,0
,8522.tif,2,1,2
,8523.tif,2,10,0
,8524.tif,1,0,0
,8525.tif,3,0,0
,8526.tif,3,1,3
,8527.tif,1,2,0
,8528.tif,1,3,0
,8529.tif,1,9,1
,8530.tif,0,15,1
,8532.tif,1,0,0
,8533.tif,0,5,0
,8534.tif,2,6,0
,8535.tif,1,0,0
,8536.tif,2,0,0
,8537.tif,2,1,0
,8538.tif,2,1,1
,8539.tif,2,2,0
,8540.tif,1,0,0
,8541.tif,4,0,1
,8542.tif,2,0,3
,8543.tif,3,2,4
,8544.tif,1,0,0
,8545.tif,3,2,0
,8546.tif,2,0,1
,8547.tif,3,0,0
,8548.tif,5,0,2
,8549.tif,0,44,13
,8550.tif,4,0,0
,8551.tif,3,1,0
,8552.tif,1,0,0
,8553.tif,1,20,8
,8554.tif,2,1,0
,8555.tif,3,0,0
,8557.tif,1,0,0
,8558.tif,2,0,0
,8559.tif,1,0,2
,8560.tif,1,0,0
,8561.tif,2,1,0
,8562.tif,2,0,2
,8563.tif,2,0,0
,8564.tif,1,3,0
,8565.tif,1,2,1
,8566.tif,1,0,0
,8567.tif,2,1,0
,8568.tif,1,1,0
,8569.tif,0,36,22
,8570.tif,0,12,2
,8571.tif,2,0,2
,8572.tif,3,0,0
,8573.tif,0,13,13
,8574.tif,1,7,4
,8575.tif,3,0,0
,8576.tif,4,0,0
,8577.tif,2,0,0
,8578.tif,3,0,1
,8579.tif,5,0,0
,8582.tif,1,0,0
,8583.tif,1,0,0
,8586.tif,2,5,7
,8587.tif,1,0,0
,8589.tif,0,20,26
,8590.tif,0,32,52
,8591.tif,1,0,0
,8593.tif,0,9,17
,8594.tif,0,22,48
,8595.tif,1,0,2
,8599.tif,1,0,0
,8600.tif,1,0,0
,8603.tif,2,3,2
,8605.tif,0,4,0
,8606.tif,0,6,1
,8607.tif,1,0,0
,8608.tif,0,3,0
,8609.tif,0,52,12
,8610.tif,0,36,5
,8612.tif,1,5,0
,8613.tif,0,33,2
,8614.tif,0,10,3
,8620.tif,0,1,2
,8621.tif,0,1,1
,8622.tif,1,0,0
,8624.tif,1,0,0
,8625.tif,0,10,0
,8626.tif,1,2,0
,8628.tif,1,9,0
,8629.tif,0,52,4
,8630.tif,0,27,5
,8631.tif,0,6,0
,8632.tif,1,0,0
,8633.tif,0,22,3
,8634.tif,2,24,8
,8635.tif,1,2,1
,8638.tif,1,9,0
,8639.tif,1,3,0
,8640.tif,2,0,0
,8641.tif,2,0,0
,8642.tif,2,0,0
,8643.tif,2,0,0
,8644.tif,1,0,0
,8646.tif,3,25,21
,8647.tif,3,0,0
,8648.tif,1,0,0
,8649.tif,0,11,7
,8650.tif,0,44,24
,8651.tif,2,0,0
,8652.tif,1,0,0
,8653.tif,0,26,22
,8654.tif,1,37,36
,8655.tif,4,0,0
,8656.tif,2,0,0
,8657.tif,2,14,10
,8658.tif,1,6,4
,8659.tif,2,0,0
,8660.tif,1,0,0
,8661.tif,1,0,0
,8662.tif,1,0,0
,8665.tif,1,12,2
,8666.tif,1,6,2
,8667.tif,1,1,3
,8668.tif,0,4,1
,8669.tif,0,16,6
,8670.tif,0,9,1
,8671.tif,1,0,0
,8673.tif,0,19,3
,8674.tif,0,7,9
,8675.tif,1,0,0
,8677.tif,0,7,1
,8679.tif,1,1,0
,8680.tif,2,0,0
,8683.tif,1,0,0
,8686.tif,0,10,3
,8687.tif,1,0,0
,8689.tif,0,13,0
,8690.tif,0,43,10
,8691.tif,0,12,1
,8693.tif,0,27,7
,8694.tif,0,16,5
,8696.tif,1,0,0
,8697.tif,1,8,0
,8698.tif,1,0,0
,8699.tif,1,2,0
,8700.tif,2,0,0
,8701.tif,4,1,0
,8702.tif,2,0,1
,8703.tif,1,0,0
,8705.tif,1,9,0
,8706.tif,1,17,3
,8707.tif,1,10,0
,8709.tif,0,37,9
,8710.tif,0,37,10
,8711.tif,0,11,0
,8713.tif,0,10,2
,8714.tif,0,16,3
,8715.tif,0,4,0
,8719.tif,1,0,0
,8722.tif,1,0,0
,8723.tif,1,0,0
,8724.tif,1,0,0
,8726.tif,1,2,0
,8727.tif,0,3,0
,8729.tif,0,16,3
,8730.tif,0,16,4
,8731.tif,0,9,0
,8732.tif,0,2,0
,8733.tif,0,21,2
,8734.tif,0,19,4
,8735.tif,1,8,0
,8736.tif,1,0,0
,8737.tif,1,0,0
,8738.tif,0,8,1
,8739.tif,1,1,0
,8740.tif,1,0,0
,8746.tif,1,0,0
,8747.tif,1,0,4
,8748.tif,0,13,7
,8749.tif,0,42,24
,8750.tif,2,4,1
,8751.tif,2,0,0
,8752.tif,0,8,1
,8753.tif,0,15,1
,8754.tif,1,7,0
,8755.tif,1,0,0
,8756.tif,1,1,0
,8757.tif,1,2,4
,8758.tif,1,0,0
,8759.tif,1,0,0
,8761.tif,1,0,0
,8762.tif,1,0,0
,8763.tif,2,0,0
,8765.tif,1,0,0
,8766.tif,1,6,1
,8767.tif,0,2,0
,8769.tif,0,34,16
,8770.tif,0,49,5
,8771.tif,0,21,1
,8773.tif,0,12,1
,8774.tif,0,12,2
,8775.tif,0,5,0
,8776.tif,1,0,0
,8777.tif,1,0,0
,8780.tif,2,0,0
,8781.tif,1,0,0
,8782.tif,1,0,0
,8784.tif,1,0,0
,8786.tif,0,13,5
,8787.tif,0,5,2
,8789.tif,0,7,4
,8790.tif,0,15,9
,8791.tif,0,16,5
,8793.tif,0,3,1
,8794.tif,0,16,8
,8795.tif,1,6,2
,8798.tif,1,0,0
,8799.tif,2,0,0
,8800.tif,1,0,0
,8801.tif,1,1,1
,8802.tif,3,0,0
,8803.tif,5,1,4
,8804.tif,1,0,0
,8805.tif,1,2,2
,8806.tif,1,0,0
,8807.tif,2,0,0
,8808.tif,1,0,0
,8809.tif,0,33,40
,8810.tif,0,46,49
,8812.tif,0,4,3
,8813.tif,0,13,14
,8814.tif,0,9,15
,8815.tif,2,0,0
,8816.tif,1,0,0
,8819.tif,1,0,0
,8820.tif,1,0,0
,8824.tif,2,0,0
,8825.tif,0,3,4
,8827.tif,1,0,0
,8828.tif,2,0,0
,8829.tif,0,20,28
,8830.tif,4,5,11
,8831.tif,2,0,0
,8832.tif,1,0,1
,8833.tif,0,31,58
,8834.tif,1,16,27
,8837.tif,0,2,7
,8838.tif,0,3,2
,8839.tif,1,0,0
,8840.tif,0,2,1
,8841.tif,0,3,2
,8845.tif,1,4,2
,8846.tif,1,10,4
,8848.tif,1,0,0
,8849.tif,1,1,1
,8850.tif,0,28,23
,8851.tif,1,9,10
,8852.tif,2,0,0
,8853.tif,2,0,0
,8854.tif,1,24,19
,8855.tif,0,3,0
,8856.tif,2,0,0
,8857.tif,4,1,0
,8858.tif,2,1,0
,8860.tif,2,0,0
,8861.tif,1,0,0
,8862.tif,2,0,0
,8863.tif,1,0,0
,8864.tif,1,0,0
,8865.tif,0,14,8
,8866.tif,1,25,18
,8867.tif,0,7,2
,8868.tif,1,6,2
,8869.tif,0,57,25
,8870.tif,1,9,7
,8871.tif,0,1,3
,8872.tif,2,1,0
,8873.tif,1,15,4
,8874.tif,0,5,2
,8875.tif,0,2,4
,8876.tif,2,0,0
,8877.tif,1,0,1
,8880.tif,1,0,0
,8886.tif,1,8,1
,8887.tif,1,0,0
,8889.tif,0,5,1
,8890.tif,0,28,20
,8891.tif,1,4,0
,8893.tif,0,4,1
,8894.tif,0,10,2
,8895.tif,1,0,0
,8896.tif,1,0,0
,8897.tif,1,0,0
,8899.tif,2,0,2
,8901.tif,1,0,0
,8904.tif,1,0,0
,8905.tif,0,9,4
,8906.tif,0,12,6
,8907.tif,0,2,1
,8908.tif,1,0,5
,8909.tif,0,14,7
,8910.tif,0,25,14
,8911.tif,0,4,1
,8912.tif,1,0,0
,8913.tif,0,12,8
,8914.tif,0,19,5
,8915.tif,0,4,0
,8916.tif,1,0,2
,8917.tif,1,0,1
,8920.tif,1,0,0
,8924.tif,3,0,5
,8925.tif,2,0,0
,8928.tif,2,4,2
,8929.tif,1,18,24
,8930.tif,0,25,26
,8931.tif,0,7,6
,8932.tif,1,4,6
,8933.tif,0,6,6
,8934.tif,0,11,19
,8935.tif,0,5,7
,8936.tif,2,1,0
,8937.tif,1,7,6
,8943.tif,1,0,0
,8945.tif,0,3,0
,8946.tif,2,2,3
,8947.tif,1,0,0
,8949.tif,0,15,6
,8950.tif,0,8,1
,8951.tif,4,0,5
,8953.tif,0,14,2
,8954.tif,0,14,1
,8955.tif,0,3,0
,8957.tif,0,4,0
,8958.tif,0,6,0
,8962.tif,1,0,0
,8963.tif,1,0,0
,8966.tif,1,0,0
,8969.tif,0,30,53
,8970.tif,0,27,29
,8973.tif,0,28,25
,8974.tif,0,11,28
,8976.tif,1,0,0
,8977.tif,2,0,0
,8978.tif,1,0,0
,8983.tif,0,5,0
,8984.tif,1,0,0
,8987.tif,1,0,0
,8988.tif,1,0,0
,8989.tif,0,12,0
,8990.tif,0,27,4
,8991.tif,0,11,3
,8993.tif,1,8,2
,8994.tif,0,23,0
,8995.tif,0,2,0
,8997.tif,3,0,0
,8998.tif,1,0,0
,9002.tif,1,0,0
,9005.tif,0,6,0
,9006.tif,0,5,0
,9007.tif,1,0,0
,9009.tif,0,9,2
,9010.tif,0,12,1
,9011.tif,1,4,0
,9013.tif,0,7,1
,9014.tif,0,17,3
,9015.tif,0,13,2
,9018.tif,0,1,0
,9025.tif,0,2,0
,9029.tif,0,14,3
,9030.tif,0,26,2
,9033.tif,0,10,2
,9034.tif,0,16,5
,9037.tif,1,0,0
,9038.tif,1,0,1
,9039.tif,1,0,0
,9043.tif,3,1,2
,9048.tif,1,1,1
,9049.tif,1,14,2
,9050.tif,0,35,5
,9051.tif,0,8,1
,9053.tif,0,12,2
,9054.tif,0,46,14
,9055.tif,0,18,1
,9056.tif,1,1,1
,9057.tif,1,0,0
,9058.tif,0,3,1
,9064.tif,0,10,3
,9065.tif,0,11,3
,9066.tif,0,3,0
,9068.tif,0,7,2
,9069.tif,0,44,10
,9070.tif,0,25,9
,9071.tif,0,5,0
,9073.tif,0,7,0
,9074.tif,0,5,1
,9075.tif,0,2,0
,9078.tif,1,1,0
,9081.tif,1,0,0
,9082.tif,2,0,1
,9083.tif,2,0,1
,9085.tif,0,35,9
,9086.tif,1,1,0
,9087.tif,2,0,0
,9088.tif,1,0,0
,9089.tif,0,42,22
,9090.tif,0,28,10
,9091.tif,3,0,0
,9092.tif,1,0,0
,9093.tif,0,14,2
,9094.tif,0,25,5
,9095.tif,1,4,0
,9096.tif,2,0,0
,9098.tif,0,5,0
,9106.tif,0,2,0
,9108.tif,1,0,0
,9109.tif,0,6,1
,9110.tif,0,21,5
,9111.tif,0,13,1
,9112.tif,2,0,0
,9113.tif,1,15,0
,9114.tif,0,47,4
,9115.tif,0,20,1
,9117.tif,1,0,0
,9118.tif,2,0,0
,9119.tif,1,0,0
,9120.tif,1,0,0
,9122.tif,2,2,0
,9123.tif,1,0,0
,9124.tif,0,21,12
,9126.tif,1,12,1
,9127.tif,1,4,0
,9128.tif,3,19,13
,9129.tif,1,9,2
,9130.tif,0,35,4
,9131.tif,0,26,0
,9132.tif,1,1,0
,9133.tif,1,9,2
,9134.tif,0,33,5
,9135.tif,0,18,2
,9136.tif,1,0,0
,9137.tif,2,0,0
,9138.tif,2,0,0
,9139.tif,1,0,0
,9141.tif,2,0,1
,9142.tif,1,0,2
,9145.tif,1,7,0
,9146.tif,1,23,5
,9149.tif,0,13,0
,9150.tif,0,45,7
,9151.tif,0,8,0
,9153.tif,0,12,1
,9154.tif,0,31,5
,9155.tif,0,7,2
,9157.tif,0,3,0
,9158.tif,0,3,0
,9160.tif,1,0,0
,9161.tif,1,0,0
,9162.tif,2,0,0
,9163.tif,1,0,0
,9164.tif,1,2,0
,9165.tif,1,1,0
,9166.tif,1,1,1
,9169.tif,0,17,2
,9170.tif,0,20,1
,9171.tif,0,10,3
,9173.tif,0,12,0
,9174.tif,0,18,1
,9175.tif,0,8,0
,9178.tif,0,3,0
,9181.tif,1,1,0
,9182.tif,2,0,0
,9183.tif,1,0,0
,9184.tif,0,6,0
,9185.tif,0,5,0
,9186.tif,1,0,2
,9187.tif,1,0,0
,9188.tif,0,1,0
,9189.tif,0,7,0
,9190.tif,0,7,0
,9192.tif,1,0,0
,9193.tif,0,2,0
,9194.tif,0,8,2
,9195.tif,0,16,0
,9196.tif,1,0,0
,9199.tif,0,8,0
,9205.tif,0,14,2
,9206.tif,0,12,0
,9207.tif,0,4,0
,9208.tif,0,4,0
,9209.tif,0,9,0
,9210.tif,0,10,0
,9211.tif,0,15,0
,9212.tif,0,3,0
,9213.tif,0,8,0
,9214.tif,0,12,0
,9215.tif,0,6,1
,9220.tif,8,0,9
,9221.tif,0,4,0
,9224.tif,1,1,0
,9225.tif,0,13,3
,9226.tif,0,8,0
,9228.tif,0,5,0
,9229.tif,0,21,1
,9230.tif,0,20,6
,9231.tif,0,6,1
,9233.tif,0,9,1
,9234.tif,0,12,0
,9242.tif,1,3,0
,9243.tif,1,1,0
,9246.tif,2,4,2
,9247.tif,1,0,0
,9249.tif,0,3,0
,9250.tif,1,10,0
,9251.tif,2,0,0
,9253.tif,0,4,1
,9255.tif,1,0,0
,9257.tif,0,6,0
,9259.tif,1,0,0
,9261.tif,0,2,1
,9265.tif,0,7,0
,9268.tif,0,7,1
,9269.tif,0,19,7
,9270.tif,0,14,1
,9271.tif,0,7,0
,9272.tif,0,1,0
,9273.tif,0,12,3
,9274.tif,0,5,0
,9285.tif,0,8,5
,9286.tif,0,6,0
,9288.tif,0,17,4
,9289.tif,0,28,12
,9290.tif,0,16,8
,9292.tif,0,7,3
,9293.tif,0,20,9
,9294.tif,0,20,3
,9295.tif,0,3,2
,9296.tif,1,0,0
,9297.tif,1,0,0
,9299.tif,1,0,2
,9305.tif,0,5,0
,9306.tif,0,6,1
,9308.tif,0,2,0
,9309.tif,0,13,1
,9310.tif,0,17,1
,9311.tif,0,2,0
,9312.tif,1,3,0
,9313.tif,1,6,0
,9314.tif,0,29,0
,9315.tif,0,9,1
,9316.tif,2,0,0
,9317.tif,2,1,0
,9318.tif,1,3,0
,9325.tif,0,2,0
,9326.tif,0,6,1
,9329.tif,0,11,1
,9330.tif,0,31,2
,9331.tif,0,17,4
,9333.tif,0,5,1
,9334.tif,0,19,3
,9335.tif,0,3,1
,9343.tif,1,0,0
,9345.tif,0,4,1
,9346.tif,0,16,1
,9347.tif,1,4,2
,9349.tif,0,15,2
,9350.tif,0,23,2
,9351.tif,1,9,2
,9353.tif,0,7,2
,9354.tif,0,11,0
,9355.tif,0,5,0
,9362.tif,2,0,0
,9363.tif,1,1,0
,9366.tif,1,1,0
,9367.tif,2,2,0
,9368.tif,0,4,1
,9369.tif,0,12,0
,9370.tif,0,7,2
,9371.tif,0,3,0
,9372.tif,0,4,0
,9373.tif,0,9,2
,9374.tif,0,6,0
,9375.tif,0,2,1
,9380.tif,2,0,0
,9381.tif,2,4,0
,9382.tif,2,0,0
,9384.tif,1,0,0
,9385.tif,2,3,1
,9386.tif,1,5,0
,9387.tif,1,0,0
,9389.tif,0,14,4
,9390.tif,0,32,7
,9391.tif,1,8,2
,9394.tif,0,6,2
,9395.tif,0,6,1
,9402.tif,1,0,0
,9405.tif,0,10,0
,9406.tif,0,2,0
,9407.tif,2,0,0
,9408.tif,1,0,0
,9409.tif,1,20,0
,9410.tif,0,18,1
,9411.tif,1,0,0
,9412.tif,1,0,0
,9413.tif,2,5,1
,9414.tif,0,25,0
,9417.tif,1,0,0
,9419.tif,2,1,0
,9425.tif,0,4,0
,9426.tif,0,2,0
,9428.tif,0,4,0
,9429.tif,0,23,3
,9430.tif,0,29,2
,9433.tif,0,10,0
,9434.tif,0,9,0
,9440.tif,1,0,0
,9441.tif,2,0,0
,9442.tif,2,0,0
,9443.tif,1,0,0
,9444.tif,2,1,0
,9445.tif,2,5,1
,9446.tif,1,0,0
,9447.tif,1,0,0
,9448.tif,1,3,0
,9449.tif,0,39,3
,9450.tif,0,24,1
,9451.tif,1,0,0
,9452.tif,0,5,1
,9453.tif,0,6,1
,9454.tif,0,4,1
,9462.tif,0,3,4
,9464.tif,0,6,2
,9465.tif,0,23,10
,9466.tif,0,19,5
,9467.tif,0,3,0
,9468.tif,0,28,4
,9469.tif,0,25,12
,9470.tif,0,15,3
,9471.tif,1,4,1
,9472.tif,1,1,1
,9473.tif,2,5,2
,9474.tif,0,22,10
,9475.tif,0,8,3
,9476.tif,2,0,0
,9477.tif,2,0,0
,9478.tif,4,11,6
,9479.tif,2,7,1
,9483.tif,1,1,2
,9486.tif,2,1,2
,9487.tif,2,0,0
,9489.tif,0,31,47
,9490.tif,1,8,12
,9491.tif,2,0,0
,9493.tif,1,6,10
,9494.tif,0,2,3
,9495.tif,1,5,0
,9496.tif,1,0,0
,9497.tif,1,0,0
,9499.tif,1,0,0
,9504.tif,2,0,0
,9505.tif,1,0,2
,9506.tif,1,0,1
,9507.tif,1,0,0
,9509.tif,0,2,5
,9510.tif,1,12,6
,9511.tif,1,0,1
,9512.tif,1,0,0
,9513.tif,0,3,3
,9514.tif,0,28,14
,9515.tif,0,4,0
,9520.tif,1,0,0
,9523.tif,1,0,0
,9524.tif,2,0,0
,9525.tif,1,0,0
,9526.tif,1,0,2
,9527.tif,2,0,1
,9528.tif,1,0,0
,9529.tif,1,3,10
,9530.tif,0,17,4
,9531.tif,3,0,0
,9532.tif,2,0,0
,9533.tif,1,5,0
,9534.tif,0,28,16
,9535.tif,1,2,0
,9536.tif,2,2,1
,9542.tif,2,0,0
,9543.tif,1,0,0
,9545.tif,0,1,7
,9546.tif,2,5,7
,9547.tif,0,1,5
,9548.tif,0,4,15
,9549.tif,2,6,16
,9550.tif,0,44,38
,9551.tif,0,12,10
,9553.tif,2,3,13
,9554.tif,0,27,39
,9555.tif,0,6,2
,9556.tif,4,1,7
,9557.tif,3,0,0
,9562.tif,3,0,0
,9563.tif,3,0,0
,9564.tif,2,0,0
,9565.tif,3,0,1
,9566.tif,4,0,2
,9567.tif,3,0,0
,9568.tif,3,0,4
,9569.tif,1,4,9
,9570.tif,0,17,10
,9571.tif,1,0,1
,9572.tif,1,0,0
,9573.tif,0,20,28
,9574.tif,0,13,11
,9584.tif,1,0,0
,9585.tif,5,0,1
,9588.tif,5,0,0
,9589.tif,2,4,1
,9590.tif,2,0,0
,9591.tif,2,0,0
,9592.tif,2,0,0
,9593.tif,0,30,2
,9594.tif,0,18,3
,9595.tif,1,0,0
,9596.tif,6,0,0
,9597.tif,3,2,0
,9598.tif,1,0,0
,9600.tif,1,0,0
,9601.tif,1,0,0
,9602.tif,1,0,1
,9603.tif,1,0,0
,9604.tif,1,0,2
,9605.tif,3,0,0
,9607.tif,2,0,0
,9608.tif,2,0,9
,9609.tif,2,10,25
,9610.tif,5,4,10
,9612.tif,1,0,0
,9613.tif,4,10,16
,9614.tif,7,12,32
,9629.tif,0,19,1
,9630.tif,1,18,0
,9631.tif,1,0,0
,9633.tif,1,9,0
,9634.tif,1,10,1
,9635.tif,1,0,0
,9637.tif,2,0,0
,9638.tif,1,0,0
,9640.tif,4,0,0
,9641.tif,2,2,2
,9642.tif,1,0,0
,9643.tif,1,0,0
,9644.tif,6,0,0
,9645.tif,1,2,0
,9646.tif,1,0,0
,9647.tif,2,0,0
,9648.tif,2,0,0
,9649.tif,0,52,72
,9650.tif,0,4,6
,9651.tif,2,0,0
,9652.tif,1,0,0
,9653.tif,0,1,2
,9655.tif,2,0,0
,9657.tif,1,0,0
,9658.tif,2,0,0
,9659.tif,2,7,3
